user_id,phase,role,answer,noCode,unclear,training_traineeRequirements,flexibility,money_cover,QA,workload_management,time_timeBack,time_general,time_additional,time_protected,time_ppa,time_noncontact,time_release,time_meetings,time_checkIns,time_observations,time_feedback,time_collab,time_admin,time_training,time_prep,time_other,money_general,money_funding,money_salary_general,money_salary_tlr,support_general,recognition_general,recognition_slt,recognition_public,recognition_celebration,collab_mentorGeneral,collab_mentorSupport,collab_mentorIssues,collab_mentorInterdepartmental,collab_mentees,collab_external,collab_providers,training_general,training_timetabled,training_byMentors,training_observationFeedback,training_coaching,training_internal,training_external,training_online,training_needsBased,training_qualifications,communication_general,communication_slt,delivery_documentation_systems,delivery_consistency,frustration_tone,frustration_noSupport,other_dontKnow,other_cantSay,other_notRelevant
938a066f809bab7c15ed888e8c5d2c9268391ad7f4a17c4d132808da86829939,Primary,Classroom Teacher,Protected time for meetings with focused topics to discuss and structures meetings ,1,0,,,0,0,0,0,0,0,1,0,0,0,1,0,0,0,0,0,0,0,0,0,0,0,0,0,0,0,0,0,0,0,0,0,0,0,0,0,0,0,0,0,0,0,0,0,0,0,0,0,0,0,0,0,0,0
fa5070c5249a8a62a58b1d0204b33756d925be4c10ff04e7ae0a74539bc61a59,Primary,Middle Leader,More time out in school hours for meetings together and observations etc. ,0,0,,,0,0,0,0,0,1,0,0,0,0,1,0,1,0,0,0,0,0,0,0,0,0,0,0,0,0,0,0,0,0,0,0,0,0,0,0,0,0,0,0,0,0,0,0,0,0,0,0,0,0,0,0,0,0
3e7003b44c3f39027bf633aedcfec92ff929a6e324c17711de38b62b2b3ad2e4,Primary,Classroom Teacher,Extra time/ money and recognition of the role,0,0,,,0,0,0,0,0,1,0,0,0,0,0,0,0,0,0,0,0,0,0,1,0,0,0,0,1,0,0,0,0,0,0,0,0,0,0,0,0,0,0,0,0,0,0,0,0,0,0,0,0,0,0,0,0,0
cff803341bb595f63d970d67f4265d1fabb2ebd234522c3cf3f6ff4cdedf2a29,Primary,Classroom Teacher,Extra non-contact time to fully support trainees,0,0,,,0,0,0,0,0,1,0,0,1,0,0,0,0,0,0,0,0,0,0,0,0,0,0,0,0,0,0,0,0,0,0,0,0,0,0,0,0,0,0,0,0,0,0,0,0,0,0,0,0,0,0,0,0,0
4f296611538ce9f262d88393aa5629c84f56266ffeaf4be1812fe4c2f1604b52,Primary,Classroom Teacher,Extra salary. Extra time. ,0,0,,,0,0,0,0,0,1,0,0,0,0,0,0,0,0,0,0,0,0,0,0,0,1,0,0,0,0,0,0,0,0,0,0,0,0,0,0,0,0,0,0,0,0,0,0,0,0,0,0,0,0,0,0,0,0
383a596bd16dfff26e0aed0ec7b9e7ab9cb754fba1f7723de9d3e1257f7ada15,Primary,SLT (excl head),Specific pay awards for this role and protected time out of the class. Money to cover this out of class time is essential. ,0,0,,,1,0,0,0,0,0,1,0,0,0,0,0,0,0,0,0,0,0,0,0,0,1,0,0,0,0,0,0,0,0,0,0,0,0,0,0,0,0,0,0,0,0,0,0,0,0,0,0,0,0,0,0,0,0
575af9b2ab96d25cf0f21a292cfae168596145d2819a1fa3e341830e1f4d9e67,Primary,SLT (excl head),Not sure ,0,0,,,0,0,0,0,0,0,0,0,0,0,0,0,0,0,0,0,0,0,0,0,0,0,0,0,0,0,0,0,0,0,0,0,0,0,0,0,0,0,0,0,0,0,0,0,0,0,0,0,0,0,0,1,0,0
3fd79004aa9a43f5ab30ec6a68da71471fdf2f07dbe873bbdd01a53969d131e1,Primary,SLT (excl head),Time + money,0,0,,,0,0,0,0,1,0,0,0,0,0,0,0,0,0,0,0,0,0,0,1,0,0,0,0,0,0,0,0,0,0,0,0,0,0,0,0,0,0,0,0,0,0,0,0,0,0,0,0,0,0,0,0,0,0
976e5069e1a5b21af792949c23b1e151a2a1c5854bc20325f7d99c473dfb6dbe,Primary,Headteacher,"Come with funding for protected time
A recognised qualification so there is a set standard for ITE mentors",0,0,,,1,0,0,0,0,0,1,0,0,0,0,0,0,0,0,0,0,0,0,0,0,0,0,0,0,0,0,0,0,0,0,0,0,0,0,0,0,0,0,0,0,0,0,0,1,0,0,0,1,0,0,0,0,0
0a1fc27779944ec2bbd930e8ec241a6661241635a8af2beb4c1e0e51300694c5,Primary,SLT (excl head),Additional PPA time ,0,0,,,0,0,0,0,0,1,0,1,0,0,0,0,0,0,0,0,0,0,0,0,0,0,0,0,0,0,0,0,0,0,0,0,0,0,0,0,0,0,0,0,0,0,0,0,0,0,0,0,0,0,0,0,0,0
9dcaa7d19dea3c02494f04d12e5401480ac6896d4c3c8b6a1b9de1934fef5e7b,Primary,Classroom Teacher,"Protected time for preparation/reading/research prior to mentor meetings. Protected time for more supportive observation to support etc with behaviour management, parental contact etc",0,0,,,0,0,0,0,0,0,1,0,0,0,0,0,1,0,0,0,1,1,0,0,0,0,0,0,0,0,0,0,0,0,0,0,0,0,0,0,0,0,0,0,0,0,0,0,0,0,0,0,0,0,0,0,0,0
0d65d164335b79c99181e6ae544131028fd2600f457313c6fc0e33452e08770f,Primary,Classroom Teacher,Additional non contact time on top of ppa ,0,0,,,0,0,0,0,0,1,0,0,1,0,0,0,0,0,0,0,0,0,0,0,0,0,0,0,0,0,0,0,0,0,0,0,0,0,0,0,0,0,0,0,0,0,0,0,0,0,0,0,0,0,0,0,0,0
eb69444204a741d044f5b3f5fe2313b674fdb49d508f21cda433e5183a8a31e6,Primary,Middle Leader,Extra time and salary ,0,0,,,0,0,0,0,0,1,0,0,0,0,0,0,0,0,0,0,0,0,0,0,0,1,0,0,0,0,0,0,0,0,0,0,0,0,0,0,0,0,0,0,0,0,0,0,0,0,0,0,0,0,0,0,0,0
66ca98c03ba82ea7ad3a680d74ff4c784cf30bfcb254919960cebe2e501c5657,Primary,Middle Leader,Time,0,0,,,0,0,0,0,1,0,0,0,0,0,0,0,0,0,0,0,0,0,0,0,0,0,0,0,0,0,0,0,0,0,0,0,0,0,0,0,0,0,0,0,0,0,0,0,0,0,0,0,0,0,0,0,0,0
3abe247d6b6611f04d3d4937f82ef44f54e12decdf13d5ac44cde2c9c35e6404,Primary,Middle Leader,"On site training, release time timetabled each week. Support meetings with other mentiors",0,0,,,0,0,0,0,0,0,0,0,0,1,0,0,0,0,0,0,0,0,0,0,0,0,0,0,0,0,0,0,0,1,0,0,0,0,0,0,0,0,0,0,1,0,0,0,0,0,0,0,0,0,0,0,0,0
7d264f56b4f85e84c650f82154f125bab9ce0779e7a8abb40f334a61452adf3b,Primary,Middle Leader,"All meetings held in school time and not after school, with school time also given to attend online training. Extra pay would also be appreciated given how much time this role takes and how vital it is to the future of teaching.",0,0,,,0,0,0,0,0,0,1,0,0,0,1,0,0,0,0,0,1,0,0,0,0,1,0,0,0,0,0,0,0,0,0,0,0,0,0,0,0,0,0,0,0,0,0,0,0,0,0,0,0,0,0,0,0,0
9f1cde566655499fd93f00a669b0402adcf6983ed4b09b4454227d23a966110d,Secondary,Middle Leader,"More PPA time, less paperwork",0,0,,,0,0,0,0,0,1,0,1,0,0,0,0,0,0,0,0,0,0,0,0,0,0,0,0,0,0,0,0,0,0,0,0,0,0,0,0,0,0,0,0,0,0,0,0,0,0,0,1,0,0,0,0,0,0
69588f6beffce9a1069935776d5ac16826635bcc738711af4f433c57486a9f24,Secondary,Middle Leader,"Sufficient time for observations and meetings within timetable, additional salary/TLR bonus, limits on the number of trainees one ITE mentor can be responsible for",0,0,,,0,0,1,0,0,0,1,0,0,0,1,0,1,0,0,0,0,0,0,0,0,1,1,0,0,0,0,0,0,0,0,0,0,0,0,0,0,0,0,0,0,0,0,0,0,0,0,0,0,0,0,0,0,0
45f6a3f8fbaa51ed19528773dee045fa2fcb94865c323c37916ba11afcea8563,Secondary,Middle Leader,Paying them and giving additional PPA time to support the role (my school does nothing). I would also say having a consistent provider as you may have one trainee following one framework and then another following a different one and having to learn a whole new way of doing things.,0,0,,,0,0,0,0,0,1,0,1,0,0,0,0,0,0,0,0,0,0,0,0,0,1,0,0,0,0,0,0,0,0,0,0,0,0,0,0,0,0,0,0,0,0,0,0,0,0,0,0,1,0,1,0,0,0
d431eb4c4d3ca61332ae2f16428b283100b1d062341cb49e4f2f87e7da679a17,Secondary,Middle Leader,Ensuring at least one extra free period per week for mentoring and ensuring a maximum time commitment for mentoring activities. Consider TLR. ,0,0,,,0,0,1,0,0,1,0,0,1,0,0,0,0,0,0,0,0,0,0,0,0,0,1,0,0,0,0,0,0,0,0,0,0,0,0,0,0,0,0,0,0,0,0,0,0,0,0,0,0,0,0,0,0,0
78c3db59de8f78c78edf25f4544a3e964a6175dca55ce3f228461b9e56591209,Secondary,Middle Leader,Regular training and extra time of timetable to observe other mentors,0,0,,,0,0,0,0,0,1,1,0,0,0,0,0,1,0,0,0,0,0,0,0,0,0,0,0,0,0,0,0,0,0,0,0,0,0,0,1,0,0,0,0,0,0,0,0,0,0,0,0,0,0,0,0,0,0
518f2dcf3281d97048512a731b1f0c0938365bcf13889cdae450920ced1c1e05,Secondary,Middle Leader,A TLR and a protected 1 hour PPA per week ,0,0,,,0,0,0,0,0,0,1,1,0,0,0,0,0,0,0,0,0,0,0,0,0,0,1,0,0,0,0,0,0,0,0,0,0,0,0,0,0,0,0,0,0,0,0,0,0,0,0,0,0,0,0,0,0,0
6f4d5b2a00f2282a0b032260d9b25941f30b3fb70a9c5c528853ea339c88cbae,Secondary,Middle Leader,Protected time to go and observe teachers you mentor and opportunities to work collaboratively with mentees who are struggling ,0,0,,,0,0,0,0,0,0,1,0,0,0,0,0,1,0,0,0,0,0,0,0,0,0,0,0,0,0,0,0,0,0,0,0,1,0,0,0,0,0,0,0,0,0,0,0,0,0,0,0,0,0,0,0,0,0
659b7db90b8f20d08181061621c02dcec520f61140ef8d9c9f180bfac8e2adf4,Secondary,Middle Leader,More time off timetable and renumeration,0,0,,,0,0,0,0,0,1,0,0,0,0,0,0,0,0,0,0,0,0,0,0,0,1,0,0,0,0,0,0,0,0,0,0,0,0,0,0,0,0,0,0,0,0,0,0,0,0,0,0,0,0,0,0,0,0
9aaa2bb8d8e3d7c7c1f2fea26323f582cc8e5fc734607aabe406f71ec25f41d0,Secondary,Classroom Teacher,"Extra in pay packet
Protected time 
",0,0,,,0,0,0,0,0,0,1,0,0,0,0,0,0,0,0,0,0,0,0,0,0,1,0,0,0,0,0,0,0,0,0,0,0,0,0,0,0,0,0,0,0,0,0,0,0,0,0,0,0,0,0,0,0,0
cd0175f3cf7b30678de8105af302ec9638ba1669ad0a126b798fe5f011ad3911,Secondary,Middle Leader,More time!,0,0,,,0,0,0,0,0,1,0,0,0,0,0,0,0,0,0,0,0,0,0,0,0,0,0,0,0,0,0,0,0,0,0,0,0,0,0,0,0,0,0,0,0,0,0,0,0,0,0,0,0,0,0,0,0,0
c6122a9ae42c6f1cc0e0f2f5009102e0ee843ec736dc21f30d2175472ec423bd,Secondary,Classroom Teacher,"More PPA to allow easier observations and time to plan, resource, research to better support my trainee 

Mentor events in school to discuss mentoring 

Pay ",0,0,,,0,0,0,0,0,1,0,1,0,0,0,0,1,0,0,0,1,1,0,0,0,1,0,0,0,0,0,0,1,0,0,0,0,0,0,0,0,0,0,0,0,0,0,0,0,0,0,0,0,0,0,0,0,0
8d7c379d60fb0e48caf3267d73c4ef2b6febcca4a80b4d944c3194dfd4b7fb09,Secondary,Middle Leader,Additional protected time or salary addition,0,0,,,0,0,0,0,0,1,1,0,0,0,0,0,0,0,0,0,0,0,0,0,0,1,0,0,0,0,0,0,0,0,0,0,0,0,0,0,0,0,0,0,0,0,0,0,0,0,0,0,0,0,0,0,0,0
4dd9010811a91ca303fca02b2f3a30f30cc20096d081175fc97f28e582631046,Secondary,Middle Leader,Recognition and QA to support weaknesses,0,0,,,0,1,0,0,0,0,0,0,0,0,0,0,0,0,0,0,0,0,0,0,0,0,0,0,1,0,0,0,0,0,0,0,0,0,0,0,0,0,0,0,0,0,0,1,0,0,0,0,0,0,0,0,0,0
c0429120af226bb57c92191ee9510191d9aa2f00d2dd9a5ac115c2bc0453246b,Secondary,Middle Leader,Financial or additional time support. Recognition of their work and effort,0,0,,,0,0,0,0,0,1,0,0,0,0,0,0,0,0,0,0,0,0,0,1,0,0,0,0,1,0,0,0,0,0,0,0,0,0,0,0,0,0,0,0,0,0,0,0,0,0,0,0,0,0,0,0,0,0
b208efe8a31c96a52c70b24ded66bcfc940541ef9e23b6aa467b9b2821b1e1fc,Secondary,Middle Leader,Time to fulfil mentoring commitments,0,0,,,0,0,0,0,1,0,0,0,0,0,0,0,0,0,0,0,0,0,0,0,0,0,0,0,0,0,0,0,0,0,0,0,0,0,0,0,0,0,0,0,0,0,0,0,0,0,0,0,0,0,0,0,0,0
ec9f518a2570e255ed07554911ff0dac2b2511e09390cc358034d56e82e247d2,Secondary,Middle Leader,"Time to get together with other mentors, ideally in the same school as you to collaborate. ",0,0,,,0,0,0,0,0,0,0,0,0,0,0,0,0,0,1,0,0,0,0,0,0,0,0,0,0,0,0,0,0,0,0,1,0,0,0,0,0,0,0,0,0,0,0,0,0,0,0,0,0,0,0,0,0,0
40a4f11f835e9ba31befcb68f3650344322ae790cc07bbdc23bebf251827af93,Secondary,Middle Leader,Additional time ,0,0,,,0,0,0,0,0,1,0,0,0,0,0,0,0,0,0,0,0,0,0,0,0,0,0,0,0,0,0,0,0,0,0,0,0,0,0,0,0,0,0,0,0,0,0,0,0,0,0,0,0,0,0,0,0,0
f606976cfa5b675b0c7fcc3f474132e19cefd482da6d47ac1d0df2a33f2bbe9c,Secondary,Middle Leader,"Direct collaboration with the ITE providers would be useful. Identical software and evidence logging software for all providers.
I haven’t been an ITE mentor before, only ECT/NQT, so I don’t really know what is involved.",0,0,,,0,0,0,0,0,0,0,0,0,0,0,0,0,0,0,0,0,0,0,0,0,0,0,0,0,0,0,0,0,0,0,0,0,0,1,0,0,0,0,0,0,0,0,0,0,0,0,0,1,0,0,1,0,0
b0446161c1bc736e0707da5fe5c8c6031ff5c87c1211267df002beb1b3b56467,Secondary,Classroom Teacher,Additional protected time for mentor meetings and to allow more frequent check ins and observations. Drop ins to discuss issues/share ideas with other mentors. Training on how to observe/provide deliberate and meaningful feedback. Training on different coaching models ,0,0,,,0,0,0,0,0,1,1,0,0,0,1,1,1,0,0,0,0,0,0,0,0,0,0,0,0,0,0,0,0,0,1,0,0,0,0,0,0,0,1,1,0,0,0,0,0,0,0,0,0,0,0,0,0,0
85c9f624d066259c283de96daf49414c12d22e79b7d2ed351f19d2e5d827ddb7,Secondary,Middle Leader,Allocated time which schools have to give to mentors. Even though in theory we should get it my school do not give it. This needs to be protected and needs to be sufficient for the necessary tasks. ,0,0,,,0,0,0,0,0,0,1,0,0,0,0,0,0,0,0,0,0,0,0,0,0,0,0,0,0,0,0,0,0,0,0,0,0,0,0,0,0,0,0,0,0,0,0,0,0,0,0,0,0,0,1,0,0,0
b110eceedbb9d640c4c95d70fe8a28a3c2f6d0a226a9a7c57702cb5993fa560b,Secondary,Middle Leader,Allocated & protected hours for in school meeting time,0,0,,,0,0,0,0,0,0,1,0,0,0,1,0,0,0,0,0,0,0,0,0,0,0,0,0,0,0,0,0,0,0,0,0,0,0,0,0,0,0,0,0,0,0,0,0,0,0,0,0,0,0,0,0,0,0
10298c8f02e2dbc92dbceb3aaf361aa37c0dd30925a1b130656dfb293df669b4,Secondary,SLT (excl head),Training both internal and external. A timetable that is fluid to all accessibility to all ITT and ECT lessons. Clear blocked coaching hours for support on a weekly basis. ,0,1,,,0,0,0,0,0,0,1,0,0,0,0,0,0,0,0,0,0,0,0,0,0,0,0,0,0,0,0,0,0,0,0,0,0,0,0,0,0,0,0,0,1,1,0,0,0,0,0,0,0,0,0,0,0,0
c2026a749f9436514582474d8511fe50985362906e0e7e7d354fb9f086c4429e,Secondary,SLT (excl head),Time!,0,0,,,0,0,0,0,1,0,0,0,0,0,0,0,0,0,0,0,0,0,0,0,0,0,0,0,0,0,0,0,0,0,0,0,0,0,0,0,0,0,0,0,0,0,0,0,0,0,0,0,0,0,0,0,0,0
7cb50920ef6667702ab72b5e5e3e69704e76c19e1fc440350e2f0c25844eb3e7,Secondary,SLT (excl head),Sufficient time to do the job properly. ,0,0,,,0,0,0,0,1,0,0,0,0,0,0,0,0,0,0,0,0,0,0,0,0,0,0,0,0,0,0,0,0,0,0,0,0,0,0,0,0,0,0,0,0,0,0,0,0,0,0,0,0,0,0,0,0,0
d0a43e3c98507bcdd5eae410e36d13e4839a2afae886e07881ff59d7fbb54e8d,Secondary,SLT (excl head),Trained coaches with allocated time allowed to be accountable for the success of their ITE mentees ,0,0,,,0,0,0,0,0,0,1,0,0,0,0,0,0,0,0,0,0,0,0,0,0,0,0,0,0,0,0,0,0,0,0,0,0,0,0,0,0,0,0,1,0,0,0,0,0,0,0,0,0,0,0,0,0,0
dfdd95c4c1ac8f42cde83a740d0b77c3cf9854e9f09c010103fd21929d3eb874,Secondary,Middle Leader,A free to do the mentor meeting and some money. ,0,0,,,0,0,0,0,0,0,0,0,1,0,1,0,0,0,0,0,0,0,0,1,0,0,0,0,0,0,0,0,0,0,0,0,0,0,0,0,0,0,0,0,0,0,0,0,0,0,0,0,0,0,0,0,0,0
ce20485af8e943af0624e8d5a15afe29cb4503da22aaa4c6724bc74495dd6896,Secondary,Middle Leader,Led by University schools of education who are increasingly cut out of ITE.,1,0,,,0,0,0,0,0,0,0,0,0,0,0,0,0,0,0,0,0,0,0,0,0,0,0,0,0,0,0,0,0,0,0,0,0,0,0,0,0,0,0,0,0,0,0,0,0,0,0,0,0,0,0,0,0,0
0c1f489d249db290d0e6fac6907521b87f7eed9fa09ffb2313d20f2cd6d34a03,Secondary,Middle Leader,Mentoring for the mentor!! Chance to discuss with other mentors in school,0,0,,,0,0,0,0,0,0,0,0,0,0,0,0,0,0,0,0,0,0,0,0,0,0,0,0,0,0,0,0,0,1,0,0,0,0,0,0,0,1,0,0,0,0,0,0,0,0,0,0,0,0,0,0,0,0
72df7b1c4987c9f2fd2aaf5e525c068ab0ec47a45aefe92291f7a40f0a4ff83a,Secondary,Classroom Teacher,"Internal training, salary increase and decent allocated time ",0,0,,,0,0,0,0,0,0,1,0,0,0,0,0,0,0,0,0,0,0,0,0,0,1,0,0,0,0,0,0,0,0,0,0,0,0,0,0,0,0,0,0,1,0,0,0,0,0,0,0,0,0,0,0,0,0
e2e7fb180066c9ff11997b687bee44ccb4a68ff3401a308688cffa14ab4ffa01,Secondary,Middle Leader,I don’t know what this is?,0,0,,,0,0,0,0,0,0,0,0,0,0,0,0,0,0,0,0,0,0,0,0,0,0,0,0,0,0,0,0,0,0,0,0,0,0,0,0,0,0,0,0,0,0,0,0,0,0,0,0,0,0,0,0,1,0
849882b4ba0af87c6a7204b9ef1322b867b5082042da0e989e08529ce6f8b963,Secondary,Middle Leader,Extra time and money ,0,0,,,0,0,0,0,0,1,0,0,0,0,0,0,0,0,0,0,0,0,0,1,0,0,0,0,0,0,0,0,0,0,0,0,0,0,0,0,0,0,0,0,0,0,0,0,0,0,0,0,0,0,0,0,0,0
8af405a1bb37e7f84dbd136e1ea40dbc5415b67835a16204b71621c805ff7685,Secondary,Middle Leader,Financial reimbursement,0,0,,,0,0,0,0,0,0,0,0,0,0,0,0,0,0,0,0,0,0,0,0,0,1,0,0,0,0,0,0,0,0,0,0,0,0,0,0,0,0,0,0,0,0,0,0,0,0,0,0,0,0,0,0,0,0
733530e60cf22d6dff0fd14cfcbcbffbee9250c590420f3ac3c867b2b2dfca44,Secondary,Classroom Teacher,Paired coaching with an experienced mentor.,0,0,,,0,0,0,0,0,0,0,0,0,0,0,0,0,0,0,0,0,0,0,0,0,0,0,0,0,0,0,0,0,0,0,0,0,0,0,0,0,1,0,0,0,0,0,0,0,0,0,0,0,0,0,0,0,0
8c0f5f927c06fa5a766536eba29cd82cd9250633a40da2f604894e81bb47b5cb,Secondary,Middle Leader,"Probably personalised coaching with someone hired to make sure you understand how to improv your etc, so that training gets everyone where they are at",0,0,,,0,0,0,0,0,0,0,0,0,0,0,0,0,0,0,0,0,0,0,0,0,0,0,0,0,0,0,0,0,0,0,0,0,0,0,0,0,0,0,0,0,0,0,1,0,0,0,0,0,0,0,0,0,0
7692ffbdba76c357e1767112e6b0cce40938cc6ffe6c6a991c296d4c4af62ec7,Secondary,Middle Leader,"Extra Non Contact time, extra pay, relevant training provided during school day not out of hours",0,0,,,0,0,0,0,0,1,1,0,1,0,0,0,0,0,0,0,1,0,0,0,0,1,0,0,0,0,0,0,0,0,0,0,0,0,0,0,0,0,0,0,0,0,0,1,0,0,0,0,0,0,0,0,0,0
2fcdf537e379f579cce30663c39b69502d139ad37cd46ab3fe3ea46fb1c21abc,Secondary,Middle Leader,Time given for observations/meetings that does not come out of PPA,0,0,,,0,0,0,0,0,0,1,0,0,0,1,0,1,0,0,0,0,0,0,0,0,0,0,0,0,0,0,0,0,0,0,0,0,0,0,0,0,0,0,0,0,0,0,0,0,0,0,0,0,0,0,0,0,0
e0a62a995cea4b0f90cc280f9b5873cf90fee89ce5119be1a21f9f23c5bb37c8,Secondary,Middle Leader,Proper protected time for mentoring ,0,0,,,0,0,0,0,0,0,1,0,0,0,0,0,0,0,0,0,0,0,0,0,0,0,0,0,0,0,0,0,0,0,0,0,0,0,0,0,0,0,0,0,0,0,0,0,0,0,0,0,0,0,0,0,0,0
70ea18e56363e3e83d96184a70c3ce1f8cbe4a406600978cea021ab7bc2cc23c,Secondary,Middle Leader,No idea!,0,0,,,0,0,0,0,0,0,0,0,0,0,0,0,0,0,0,0,0,0,0,0,0,0,0,0,0,0,0,0,0,0,0,0,0,0,0,0,0,0,0,0,0,0,0,0,0,0,0,0,0,0,0,1,0,0
8454df9a9c1f75aa3a9d2ee033b713c7c82a1a6663d335b7b47f79f9ce462939,Secondary,Middle Leader,It would include time provided for collaborative meetings with other mentors. ,0,0,,,0,0,0,0,0,0,0,0,0,0,1,0,0,0,1,0,0,0,0,0,0,0,0,0,0,0,0,0,0,0,0,0,0,0,0,0,0,0,0,0,0,0,0,0,0,0,0,0,0,0,0,0,0,0
292a36d6ed8e6d9e62c3c708119c16a74d658f8f3e93c5e2c41e451d86956fea,Secondary,Middle Leader,"They’re challenged, supported and coached a lot. They feel connected and appreciated by the school. They DONT DO COVER LEASONS. ",0,0,,,0,0,1,0,0,0,0,0,0,0,0,0,0,0,0,0,0,0,0,0,0,0,0,1,1,0,0,0,0,0,0,0,0,0,0,1,0,0,0,0,0,0,0,0,0,0,0,0,0,1,0,0,0,0
5868daa9006db2e377740b6e66048cd83d59179f834b2f787a43f221de3932d7,Secondary,Middle Leader,Additional time to observe and give feedback and complete admin tasks such as end of term reviews ,0,0,,,0,0,0,0,0,1,0,0,0,0,0,0,1,1,0,1,0,0,0,0,0,0,0,0,0,0,0,0,0,0,0,0,0,0,0,0,0,0,0,0,0,0,0,0,0,0,0,0,0,0,0,0,0,0
0ac6ec7fac1b767fdd062238004d84ac184d7736ca8c18d5f5fa0e39b024cbc1,Secondary,Middle Leader,Time ,0,0,,,0,0,0,0,1,0,0,0,0,0,0,0,0,0,0,0,0,0,0,0,0,0,0,0,0,0,0,0,0,0,0,0,0,0,0,0,0,0,0,0,0,0,0,0,0,0,0,0,0,0,0,0,0,0
e582b9fa69cd6ad52ddb39930731010fbd1cb4d824ccb645a4f4f4bd7b5681a9,Secondary,Classroom Teacher,LET ME GET ON WITH IT INSTEAD OF MAKING ME ATTEND EXTRA TRAINING I DON’T NEED,0,0,,,0,0,0,0,0,0,0,0,0,0,0,0,0,0,0,0,0,0,0,0,0,0,0,0,0,0,0,0,0,0,0,0,0,0,0,0,0,0,0,0,0,0,0,1,0,0,0,0,0,1,0,0,0,0
ace5b7a0b5bd6373d1ab9280668d44949f9d5b869f70379342cf56b50115d7ce,Secondary,Middle Leader,"Good communication from SLT, and some form of recognition.",0,0,,,0,0,0,0,0,0,0,0,0,0,0,0,0,0,0,0,0,0,0,0,0,0,0,0,1,0,0,0,0,0,0,0,0,0,0,0,0,0,0,0,0,0,0,0,0,0,1,0,0,0,0,0,0,0
de9da71a69ea6075c3b8fc769ed3508f645d3db7a9b93c581905c72eeafbbba8,Secondary,Classroom Teacher,Time and money ,0,0,,,0,0,0,0,1,0,0,0,0,0,0,0,0,0,0,0,0,0,0,1,0,0,0,0,0,0,0,0,0,0,0,0,0,0,0,0,0,0,0,0,0,0,0,0,0,0,0,0,0,0,0,0,0,0
f0ac9a59a6e05a70ac3cd3d3c82c777ee1dc3e16a026fbf581eec3817ea2a061,Secondary,Middle Leader,Protected time ,0,0,,,0,0,0,0,0,0,1,0,0,0,0,0,0,0,0,0,0,0,0,0,0,0,0,0,0,0,0,0,0,0,0,0,0,0,0,0,0,0,0,0,0,0,0,0,0,0,0,0,0,0,0,0,0,0
0ec1052b263142643c8d23fd0732c0ad3a7add02f233b1cff4cb87df06f883e3,Secondary,Classroom Teacher,Additional PPA to complete and stay on top of admin and giving feedback.,0,0,,,0,0,0,0,0,1,0,1,0,0,0,0,0,1,0,1,0,0,0,0,0,0,0,0,0,0,0,0,0,0,0,0,0,0,0,0,0,0,0,0,0,0,0,0,0,0,0,0,0,0,0,0,0,0
f1f41a840b90d55d4780bde206bdf37491f4293c3ecf48e33df3f412f4054ff5,Secondary,Middle Leader,Giving mentors additional time in their timetable to observe or meet with the trainee during the school day,0,0,,,0,0,0,0,0,1,0,0,0,0,1,0,1,0,0,0,0,0,0,0,0,0,0,0,0,0,0,0,0,0,0,0,0,0,0,0,0,0,0,0,0,0,0,0,0,0,0,0,0,0,0,0,0,0
9dd03fd6bded423f5e91230e82a7349d3c196d91f7b342b8589c988047ecb2d1,Secondary,Middle Leader,Supportive ,0,0,,,0,0,0,0,0,0,0,0,0,0,0,0,0,0,0,0,0,0,0,0,0,0,0,1,0,0,0,0,0,0,0,0,0,0,0,0,0,0,0,0,0,0,0,0,0,0,0,0,0,0,0,0,0,0
8f19cfad7214fded915ee24484d10e3263495745fb0bb6f9155adca4ff99c8a8,Secondary,Middle Leader,A lot more time and a lot more money! It’s another part time job on top of your already full time role. ,0,0,,,0,0,1,0,0,1,0,0,0,0,0,0,0,0,0,0,0,0,0,1,0,0,0,0,0,0,0,0,0,0,0,0,0,0,0,0,0,0,0,0,0,0,0,0,0,0,0,0,0,1,0,0,0,0
9abb8baed230aa3d74e73868f4d52f43b52a6514a8a0befddcce3f26c2c6cd51,Secondary,Classroom Teacher,More time,0,0,,,0,0,0,0,0,1,0,0,0,0,0,0,0,0,0,0,0,0,0,0,0,0,0,0,0,0,0,0,0,0,0,0,0,0,0,0,0,0,0,0,0,0,0,0,0,0,0,0,0,0,0,0,0,0
7be864ca638024b8317c48ab7dc14401bb6890e27139ea9ba489396a6be5cc77,Secondary,Middle Leader,More non-contact time. That's it. That's the answer.,0,0,,,0,0,0,0,0,1,0,0,1,0,0,0,0,0,0,0,0,0,0,0,0,0,0,0,0,0,0,0,0,0,0,0,0,0,0,0,0,0,0,0,0,0,0,0,0,0,0,0,0,0,0,0,0,0
0a681f857d01e6a4cd3beffbba9a3eb29660b0e4dae0e1450e651a0834e6f549,Secondary,Classroom Teacher,Time to do it effectively,0,0,,,0,0,0,0,1,0,0,0,0,0,0,0,0,0,0,0,0,0,0,0,0,0,0,0,0,0,0,0,0,0,0,0,0,0,0,0,0,0,0,0,0,0,0,0,0,0,0,0,0,0,0,0,0,0
c83739128e5e1e8ae554987a4c0b4a6086acae59ffc81019ddacebd9ce77c198,Secondary,Middle Leader,Time!,0,0,,,0,0,0,0,1,0,0,0,0,0,0,0,0,0,0,0,0,0,0,0,0,0,0,0,0,0,0,0,0,0,0,0,0,0,0,0,0,0,0,0,0,0,0,0,0,0,0,0,0,0,0,0,0,0
c706982deea398c90991c2650a5cc101c11e65afa3b26129bcff9d1647abeac6,Secondary,Middle Leader,More time.,0,0,,,0,0,0,0,0,1,0,0,0,0,0,0,0,0,0,0,0,0,0,0,0,0,0,0,0,0,0,0,0,0,0,0,0,0,0,0,0,0,0,0,0,0,0,0,0,0,0,0,0,0,0,0,0,0
375bb8a3b7f6370fc5c48acdcd3bf02bb9044abeee337b28d3dbb590c187b633,Secondary,Classroom Teacher,Actually being told what we are supposed to do,0,0,,,0,0,0,0,0,0,0,0,0,0,0,0,0,0,0,0,0,0,0,0,0,0,0,0,0,0,0,0,0,0,0,0,0,0,0,1,0,0,0,0,0,0,0,0,0,1,0,0,0,0,1,0,0,0
f7e6daba23ce76f9dbd9210d204b3d1d0535c9237cf478e2fad73c755f5ef176,Secondary,Middle Leader,Salary increase and increased time on timetable ,0,0,,,0,0,0,0,0,1,0,0,0,0,0,0,0,0,0,0,0,0,0,0,0,1,0,0,0,0,0,0,0,0,0,0,0,0,0,0,0,0,0,0,0,0,0,0,0,0,0,0,0,0,0,0,0,0
a1561263673dda4ed73c49e199184e900635c6c9648b231a097d359cd2206132,Secondary,Middle Leader,Additional mentoring time along with the statutory allowance. Additional financial support for the school to pay for cover for observations and drop-ins as well as the financial incentive for taking on ITE students.,0,0,,,1,0,0,0,0,1,0,0,0,0,0,0,0,0,0,0,0,0,0,0,0,1,0,0,0,0,0,0,0,0,0,0,0,0,0,0,0,0,0,0,0,0,0,0,0,0,0,0,0,0,0,0,0,0
46f5021e801642addf67bff32c738693e10c8c4bcbfc7b5f9b5e29a592f10e82,Secondary,Middle Leader,"Mote time off timetable for preparation, to undertake the admin and to allow time for own self-lead learning units. Far too much time is needed for the role of an ITE mentor",0,0,,,0,0,1,0,0,1,0,0,0,0,0,0,0,0,0,1,1,1,0,0,0,0,0,0,0,0,0,0,0,0,0,0,0,0,0,0,0,0,0,0,0,0,0,0,0,0,0,0,0,0,0,0,0,0
7f8211e89d50065d6f7646e96682b3ded141bd41f54c14fd3f0fde5b89fd4629,Secondary,Middle Leader,"Time for observations, feedback and meeting",0,0,,,0,0,0,0,0,0,0,0,0,0,1,0,1,1,0,0,0,0,0,0,0,0,0,0,0,0,0,0,0,0,0,0,0,0,0,0,0,0,0,0,0,0,0,0,0,0,0,0,0,0,0,0,0,0
22ba9e9da06f5e19e716e202c85f75ff6be210fd8caf5d09f119ab9f2e1690d0,Secondary,Middle Leader,"Dedicated time for meetings and planning of meetings, resources and training on how to coach!",0,0,,,0,0,0,0,0,0,1,0,0,0,1,0,0,0,0,0,0,1,0,0,0,0,0,0,0,0,0,0,0,0,0,0,0,0,0,0,0,0,0,1,0,0,0,0,0,0,0,0,0,0,0,0,0,0
7c80a5514435e7c255688831301b29cd9e70c22380dae029d757a02b49171925,Secondary,Middle Leader,Extra time on the timetable for observations. ,0,0,,,0,0,0,0,0,1,0,0,0,0,0,0,1,0,0,0,0,0,0,0,0,0,0,0,0,0,0,0,0,0,0,0,0,0,0,0,0,0,0,0,0,0,0,0,0,0,0,0,0,0,0,0,0,0
9b71b0a818fe4d51f7c703def33c22e91756b63933666f805be2c44ac721cafc,Primary,Classroom Teacher,Actual time assigned to it,0,0,,,0,0,0,0,1,0,0,0,0,0,0,0,0,0,0,0,0,0,0,0,0,0,0,0,0,0,0,0,0,0,0,0,0,0,0,0,0,0,0,0,0,0,0,0,0,0,0,0,0,0,0,0,0,0
2aadbf0b4e386aad3feb858713f7a775afb998720096f23fcc2ffc922c676292,Secondary,SLT (excl head),Reduced non contact time to effectively support trainee teachers,0,0,,,0,0,0,0,0,0,0,0,1,0,0,0,0,0,0,0,0,0,0,0,0,0,0,0,0,0,0,0,0,0,0,0,0,0,0,0,0,0,0,0,0,0,0,0,0,0,0,0,0,0,0,0,0,0
4eae1cb830bd23c8856dc76c50d1cf3c04da131e811a8a2e12f416e740fc691c,Secondary,Classroom Teacher,"More free time, better collaboration with other schools and more recognition for the work we do from senior management. ",0,0,,,0,0,0,0,0,1,0,0,1,0,0,0,0,0,0,0,0,0,0,0,0,0,0,0,0,1,0,0,0,0,0,0,0,1,0,0,0,0,0,0,0,0,0,0,0,0,0,0,0,0,0,0,0,0
bdb4300902d8af00f8268392d1cf9adc745314c1e29a8702ef30f90c74806ed5,Secondary,Middle Leader,Extra time for paperwork/training.,0,0,,,0,0,0,0,0,1,0,0,0,0,0,0,0,0,0,1,1,0,0,0,0,0,0,0,0,0,0,0,0,0,0,0,0,0,0,0,0,0,0,0,0,0,0,0,0,0,0,0,0,0,0,0,0,0
7fc0e3f94690aa7a1dc84f4fcf29702ec6dcfdc1af97cbad32780e17460d1039,Secondary,Middle Leader,Payment ,0,0,,,0,0,0,0,0,0,0,0,0,0,0,0,0,0,0,0,0,0,0,0,0,1,0,0,0,0,0,0,0,0,0,0,0,0,0,0,0,0,0,0,0,0,0,0,0,0,0,0,0,0,0,0,0,0
e452259431ddb47e538adc3d62f30472b20174fce910ddbc38f1fe47b5f43661,Secondary,Middle Leader,Two non-contact periods: one for observing and one for feedback/mentor meetings. No compulsory online coaching stuff.,0,0,,,0,0,0,0,0,0,0,0,1,0,1,0,1,1,0,0,0,0,0,0,0,0,0,0,0,0,0,0,0,0,0,0,0,0,0,0,0,0,0,0,0,0,0,1,0,0,0,0,0,0,0,0,0,0
c922754296eeb5c32d2e5fe47160e078ea1f8c66428e2eb20bbcf2db39536836,Secondary,Middle Leader,Frees to observe built into timetable and either a fully funded coaching qualification or a recognition payment ,0,0,,,0,0,0,0,0,0,1,0,1,0,0,0,1,0,0,0,0,0,0,0,0,1,0,0,0,0,0,0,0,0,0,0,0,0,0,0,0,0,0,0,0,0,0,0,1,0,0,0,0,0,0,0,0,0
8ce060fff643ed753168ebf32b727816c2e5c8344b6d6126e740b690ccf4cf9d,Secondary,Classroom Teacher,"Time, time and more time ",0,0,,,0,0,0,0,0,1,0,0,0,0,0,0,0,0,0,0,0,0,0,0,0,0,0,0,0,0,0,0,0,0,0,0,0,0,0,0,0,0,0,0,0,0,0,0,0,0,0,0,0,0,0,0,0,0
9e1bef3dbbe208cd2a3955abea8004277bd96173e3887264eed2055837ba95f1,Secondary,Middle Leader,Time,0,0,,,0,0,0,0,1,0,0,0,0,0,0,0,0,0,0,0,0,0,0,0,0,0,0,0,0,0,0,0,0,0,0,0,0,0,0,0,0,0,0,0,0,0,0,0,0,0,0,0,0,0,0,0,0,0
1b5a6f92b8420df8b484c838567bf051e4e9e5151de5f82b1536fabdd22b036e,Secondary,Middle Leader,The government needs to make mentor time statutory rather than a guideline. Many schools do not give mentors ANY time for mentoring. Mentors need to be valued in all schools and Heads should be held to account if they do not provide mentors with protected time. ,0,0,,,0,0,0,0,0,0,1,0,0,0,0,0,0,0,0,0,0,0,0,0,0,0,0,1,0,1,0,0,0,0,0,0,0,0,0,0,0,0,0,0,0,0,0,0,0,0,0,0,0,0,1,0,0,0
b2270b20c7339e89e21777c11aa484f9d7d9d1ee3fddab760ddcef6b37940520,Secondary,Middle Leader,Time to do the role properly ,0,0,,,0,0,0,0,1,0,0,0,0,0,0,0,0,0,0,0,0,0,0,0,0,0,0,0,0,0,0,0,0,0,0,0,0,0,0,0,0,0,0,0,0,0,0,0,0,0,0,0,0,0,0,0,0,0
70c532a3620fb5fc941c7922249b4cdba60923c659de0b0f3fd77d45cb77a3f3,Secondary,Classroom Teacher,Needs based training for mentors. Support from more experienced mentors.,0,0,,,0,0,0,0,0,0,0,0,0,0,0,0,0,0,0,0,0,0,0,0,0,0,0,0,0,0,0,0,0,0,0,0,0,0,0,0,0,1,0,0,0,0,0,1,0,0,0,0,0,0,0,0,0,0
6099bda69d680e6b26bbf95818b396af0f44c66cc41edd178e2c99a4b8cc6a5d,Secondary,Middle Leader,"Time for mentors to meet regularly to discuss issues, support exh other etc, but not after school protected time during the school day",0,0,,,0,0,0,0,0,0,1,0,0,0,1,0,0,0,1,0,0,0,0,0,0,0,0,0,0,0,0,0,0,1,1,0,0,0,0,0,0,0,0,0,0,0,0,0,0,0,0,0,0,0,0,0,0,0
76decdea0d754e71736dde3188deefe45b920efc5261213bf646a80115e785f8,Secondary,Classroom Teacher,I don't know anything about ITE ,0,0,,,0,0,0,0,0,0,0,0,0,0,0,0,0,0,0,0,0,0,0,0,0,0,0,0,0,0,0,0,0,0,0,0,0,0,0,0,0,0,0,0,0,0,0,0,0,0,0,0,0,0,0,0,1,0
43c6ef89a43255cd104ae556e366a864c2b436849d08d3440370af7d6810f2f4,Primary,Middle Leader,Mentors and tutors given much more time out rather than just the trainee,0,0,,,0,0,0,0,0,1,0,0,0,0,0,0,0,0,0,0,0,0,0,0,0,0,0,0,0,0,0,0,0,0,0,0,0,0,0,0,0,0,0,0,0,0,0,0,0,0,0,0,0,0,0,0,0,0
5e9215da342b794d758a3c6e818f44b35c0643f609eb08162395a11a9f0507a0,Primary,Middle Leader,Mentor-led. Not programme led,0,0,,,0,0,0,0,0,0,0,0,0,0,0,0,0,0,0,0,0,0,0,0,0,0,0,0,0,0,0,0,1,0,0,0,0,0,0,0,0,0,0,0,0,0,0,0,0,0,0,0,0,0,0,0,0,0
8c78ae8dcfba4d19df546ac4e3d93675bd0384ddbfbb55c3f3476140b398c1ce,Primary,Middle Leader,Financial remuneration and dedicated release time. ,0,0,,,0,0,0,0,0,0,1,0,0,1,0,0,0,0,0,0,0,0,0,0,0,1,0,0,0,0,0,0,0,0,0,0,0,0,0,0,0,0,0,0,0,0,0,0,0,0,0,0,0,0,0,0,0,0
4a79316e5997f7c57656b7ab070fa760b84ab018d0ea4d6d39387a52ae6ff833,Secondary,SLT (excl head),Dedicated time on timetable,0,0,,,0,0,0,0,0,0,1,0,0,0,0,0,0,0,0,0,0,0,0,0,0,0,0,0,0,0,0,0,0,0,0,0,0,0,0,0,0,0,0,0,0,0,0,0,0,0,0,0,0,0,0,0,0,0
5c695725ed8d859f1a15a3976483fb158280b247e49dc22758609fe88c145d01,Secondary,SLT (excl head),"Just some commitment to the role other than naming someone for compliance reasons. The programme won’t work if we just check boxes, the investment that is missing in my setting serves only to self fulfil the expectation that the programme will not live up to expectations. ",0,0,,,0,0,0,0,0,0,0,0,0,0,0,0,0,0,0,0,0,0,0,0,0,0,0,0,0,1,0,0,0,0,0,0,0,0,0,0,0,0,0,0,0,0,0,0,0,0,0,0,0,1,1,0,0,0
d42ed7a36d86494695817db545a087afad984d9be7d66e154d9f88be993562e1,Secondary,SLT (excl head),Significant increase in funding to cover non-contact time required to fulfil the role,0,0,,,1,0,0,0,0,0,0,0,0,0,0,0,0,0,0,0,0,0,0,0,0,0,0,0,0,0,0,0,0,0,0,0,0,0,0,0,0,0,0,0,0,0,0,0,0,0,0,0,0,0,0,0,0,0
d82dd3e91aefa618af75d6d089a5920cc829cb1db4f544edb49242b58bf1247d,Secondary,SLT (excl head),Funding to.allow.time to support and do,0,0,,,0,0,0,0,0,0,0,0,0,0,0,0,0,0,0,0,0,0,0,0,1,0,0,0,0,0,0,0,0,0,0,0,0,0,0,0,0,0,0,0,0,0,0,0,0,0,0,0,0,0,0,0,0,0
f1f497ea1aa2c3b6f1bb254ced495f95a8e967e9228162f001f499fa6e7c36b8,Secondary,SLT (excl head),Additional time for mentoring and training and financial compensation for the extra work load,0,0,,,0,0,0,0,0,1,0,0,0,0,0,0,0,0,0,0,1,0,0,0,0,1,0,0,0,0,0,0,0,0,0,0,0,0,0,0,0,0,0,0,0,0,0,0,0,0,0,0,0,0,0,0,0,0
3dbc1eddc3cd021ff1c19f61acdd0e46733bfc403a4fc1f11611a58bcc17965f,Secondary,SLT (excl head),"Extra time allowed to carry out meeting and observations, paid role. 
",0,0,,,0,0,0,0,0,1,0,0,0,0,1,0,1,0,0,0,0,0,0,0,0,1,0,0,0,0,0,0,0,0,0,0,0,0,0,0,0,0,0,0,0,0,0,0,0,0,0,0,0,0,0,0,0,0
7d7613241945ca2b7d251895ca05a751cc3d73fcef09c2c205502849ffbce050,Secondary,SLT (excl head),Time! ,0,0,,,0,0,0,0,1,0,0,0,0,0,0,0,0,0,0,0,0,0,0,0,0,0,0,0,0,0,0,0,0,0,0,0,0,0,0,0,0,0,0,0,0,0,0,0,0,0,0,0,0,0,0,0,0,0
0768b1fdbe231171378bb4374053be341391cd34df1f1f4a2b508570a765c009,Secondary,SLT (excl head),Ongoing training and additional non contact time. ,0,0,,,0,0,0,0,0,1,0,0,1,0,0,0,0,0,0,0,0,0,0,0,0,0,0,0,0,0,0,0,0,0,0,0,0,0,0,1,0,0,0,0,0,0,0,0,0,0,0,0,0,0,0,0,0,0
57daac37394924a556e40489e2845df9d60d54d9b2895b5a8859e328669a6154,Secondary,SLT (excl head),Payment. Time and recognition ,0,0,,,0,0,0,0,1,0,0,0,0,0,0,0,0,0,0,0,0,0,0,0,0,1,0,0,1,0,0,0,0,0,0,0,0,0,0,0,0,0,0,0,0,0,0,0,0,0,0,0,0,0,0,0,0,0
e7304172bab2e05a020a74e1e1da674d09683d6acb07a8f29644fa78d0a3180f,Secondary,SLT (excl head),In advance; available on demand/or at set times weekly ,0,1,,,0,0,0,0,0,0,0,0,0,0,0,0,0,0,0,0,0,0,0,0,0,0,0,0,0,0,0,0,0,0,0,0,0,0,0,0,0,0,0,0,0,0,0,0,0,0,0,0,0,0,0,0,0,0
c8b9559a274c410d33bbb7912ae6bd5eeafc81f59954cdf4d208a2764ac2e278,Secondary,SLT (excl head),"PPA protected, early finish one day a week ",0,0,,,0,0,1,0,0,0,1,1,0,0,0,0,0,0,0,0,0,0,0,0,0,0,0,0,0,0,0,0,0,0,0,0,0,0,0,0,0,0,0,0,0,0,0,0,0,0,0,0,0,0,0,0,0,0
7cb1f91d42f378370fd1e22d09df9b8edb6b7ac03a50368e5d537e529d17b2cc,Secondary,SLT (excl head),"Experienced. Able to coach not just mentor, well-informed, supportive and genuinely passionate about teaching and learning. Open to continuous learning themselves, engaged in PL and self reflective too. Confident too support as well as challenge as needed. Willing to be an advocate for the NQT including challenging SLT if needed.",0,0,,,0,0,0,0,0,0,0,0,0,0,0,0,0,0,0,0,0,0,0,0,0,0,0,0,0,0,0,0,0,0,0,0,0,0,0,0,0,0,0,0,0,0,0,0,0,0,0,0,0,0,0,0,0,1
b2cd7abb7b28187921ef637c3cccfd17bacae30a2b36b188016c164cbf413d2a,Secondary,SLT (excl head),"Mentors and ITE’s both need more protected time than is currently allowed, realistically between observing, giving feedback and instructional coaching, organising and co-observing other practitioners plus training and paperwork, one hour a week/ fortnight is no where near enough",0,0,,,0,0,0,0,0,1,1,0,0,0,0,0,1,1,1,1,1,0,0,0,0,0,0,0,0,0,0,0,0,0,0,0,0,0,0,0,0,0,0,0,0,0,0,0,0,0,0,0,0,0,0,0,0,0
79a76c051ecfc3392597f1fac31df5f459d5332d7a3b2411afdebd5d6c0d1db4,Secondary,SLT (excl head),Funded mentor session like for ECTs,0,0,,,0,0,0,0,0,0,0,0,0,0,0,0,0,0,0,0,0,0,0,0,1,0,0,0,0,0,0,0,0,0,0,0,0,0,0,0,0,0,0,0,0,0,0,0,0,0,0,0,0,0,0,0,0,0
3cc84266a38f99c9deb67da5e79a085e59e4ad64727f995edff4886329125c7b,Secondary,SLT (excl head),Money and time,0,0,,,0,0,0,0,1,0,0,0,0,0,0,0,0,0,0,0,0,0,0,1,0,0,0,0,0,0,0,0,0,0,0,0,0,0,0,0,0,0,0,0,0,0,0,0,0,0,0,0,0,0,0,0,0,0
943aae0b26f79910f0816d13307b488d305f1083e4e357a95f3a00bb8fb59e58,Secondary,SLT (excl head),Time to do a better job and observe more ,0,0,,,0,0,0,0,0,0,0,0,0,0,0,0,1,0,0,0,0,0,0,0,0,0,0,0,0,0,0,0,0,0,0,0,0,0,0,0,0,0,0,0,0,0,0,0,0,0,0,0,0,0,0,0,0,0
6590f4d88c2d3c20c7ae423f09a0dd61fdb047fd8b8ebe785379375206ff8ed2,Secondary,SLT (excl head),"Training! Especially on how to use our provider’s system as it is far too complicated. I am also rubbish at coaching so perhaps more support on this…luckily my EVT and I agree so we mostly skip the role play/coaching bit. Compared to being an ECT mentor, the hoop jumping is much worse but the report writing is much less.",0,0,,,0,0,0,0,0,0,0,0,0,0,0,0,0,0,0,0,0,0,0,0,0,0,0,0,0,0,0,0,0,0,0,0,0,0,0,1,0,0,0,1,0,0,0,0,0,0,0,1,0,0,0,0,0,0
be9326b9561b3a701b5372ee9203ae12bc27920d0a0161ab667072f177090262,Secondary,SLT (excl head),Sufficient non contact time to be able to provide the trainee with the support needed ,0,0,,,0,0,0,0,0,0,0,0,1,0,0,0,0,0,0,0,0,0,0,0,0,0,0,0,0,0,0,0,0,0,0,0,0,0,0,0,0,0,0,0,0,0,0,0,0,0,0,0,0,0,0,0,0,0
20dbc9f0bf6325ea02dc62ef78a70e818b12e69af4a3d68586f9b8de51d6c0e0,Primary,SLT (excl head),More money. More time. Less criticism. ,0,0,,,0,0,0,0,0,1,0,0,0,0,0,0,0,0,0,0,0,0,0,1,0,0,0,1,0,0,0,0,0,0,0,0,0,0,0,0,0,0,0,0,0,0,0,0,0,0,0,0,0,1,0,0,0,0
6de5992eb0eb6020c3b68bb910ec3e9bbb41fe997609af30795b0a98ab0d3048,Primary,SLT (excl head),External training and time during the school day for meetings with trainee.,0,0,,,0,0,0,0,0,0,1,0,0,0,1,0,0,0,0,0,0,0,0,0,0,0,0,0,0,0,0,0,0,0,0,0,0,0,0,0,0,0,0,0,0,1,0,0,0,0,0,0,0,0,0,0,0,0
8e28c4b247c847b00f040e3d6468ed48ce0223b56f3e8ba5504267344b7b3643,Primary,SLT (excl head),Time out of class. ,0,0,,,0,0,0,0,1,0,0,0,0,0,0,0,0,0,0,0,0,0,0,0,0,0,0,0,0,0,0,0,0,0,0,0,0,0,0,0,0,0,0,0,0,0,0,0,0,0,0,0,0,0,0,0,0,0
00d0e15016feffb55f3ce293e8849c5e5a485c3cfef18a38b0c1c6a5b42f180e,Primary,SLT (excl head),Money ,0,0,,,0,0,0,0,0,0,0,0,0,0,0,0,0,0,0,0,0,0,0,1,0,0,0,0,0,0,0,0,0,0,0,0,0,0,0,0,0,0,0,0,0,0,0,0,0,0,0,0,0,0,0,0,0,0
de783b1e426dcceb4dda9efc7251e0e14f09280999587f4632d716a4d8ae217b,Primary,Headteacher,Half a day release per week ,0,0,,,0,0,0,0,0,0,0,0,0,1,0,0,0,0,0,0,0,0,0,0,0,0,0,0,0,0,0,0,0,0,0,0,0,0,0,0,0,0,0,0,0,0,0,0,0,0,0,0,0,0,0,0,0,0
1a56bf7764fa31e569302494ffec8e56cdfc3cb10afb613dc999c6770ea2579a,Primary,SLT (excl head),"Increased class release time 
",0,0,,,0,0,0,0,0,1,0,0,0,1,0,0,0,0,0,0,0,0,0,0,0,0,0,0,0,0,0,0,0,0,0,0,0,0,0,0,0,0,0,0,0,0,0,0,0,0,0,0,0,0,0,0,0,0
2c2500fb941371e8f6b41675dc5ceac779669c3aafd19d6185213f3b047cf7f4,Primary,SLT (excl head),To ensure that the time is protected and to have more face to face training. ,0,0,,,0,0,0,0,0,0,1,0,0,0,0,0,0,0,0,0,0,0,0,0,0,0,0,0,0,0,0,0,0,0,0,0,0,0,0,1,0,0,0,0,0,0,0,0,0,0,0,0,0,0,0,0,0,0
84922fd80cfb8fa59d26cab412f88dadbee92775bc38dd5650dbadd52d406676,Primary,SLT (excl head),Time!,0,0,,,0,0,0,0,1,0,0,0,0,0,0,0,0,0,0,0,0,0,0,0,0,0,0,0,0,0,0,0,0,0,0,0,0,0,0,0,0,0,0,0,0,0,0,0,0,0,0,0,0,0,0,0,0,0
451ba8b5701cf6113fd132e0789e7700992446ad1d33e35e6af2e0be4971315b,Primary,SLT (excl head),Extra time made available ,0,0,,,0,0,0,0,0,1,0,0,0,0,0,0,0,0,0,0,0,0,0,0,0,0,0,0,0,0,0,0,0,0,0,0,0,0,0,0,0,0,0,0,0,0,0,0,0,0,0,0,0,0,0,0,0,0
80e8ff89ff4f3f182097db6fa72afa168cde05da062a175d06eec66d2d830902,Primary,SLT (excl head),Time to complete observations and feedback which is protected.,0,0,,,0,0,0,0,0,0,1,0,0,0,0,0,1,1,0,0,0,0,0,0,0,0,0,0,0,0,0,0,0,0,0,0,0,0,0,0,0,0,0,0,0,0,0,0,0,0,0,0,0,0,0,0,0,0
085ca949fe4f3ba77f110f8edbf472af764c33924489d3791d25c4ff2fced45c,Primary,SLT (excl head),Reduced teaching timetable ,0,0,,,0,0,0,0,0,0,0,0,1,0,0,0,0,0,0,0,0,0,0,0,0,0,0,0,0,0,0,0,0,0,0,0,0,0,0,0,0,0,0,0,0,0,0,0,0,0,0,0,0,0,0,0,0,0
7d1c1624e71aa32386af212397d7edb6414e08765080e1a8d167473bbb811597,Primary,Headteacher,"Time to be properly trained
Time to observe, feedback, write reports and reflect - how do schools cover this?? 
Additional pay as a motivating factor, this would be a popular benefit",0,0,,,0,0,0,0,0,0,0,0,0,0,0,0,1,1,0,1,1,0,0,0,0,1,0,0,0,0,0,0,0,0,0,0,0,0,0,0,0,0,0,0,0,0,0,0,0,0,0,0,0,0,0,0,0,0
302c456b8c03b22f1815e1c8403022ded4915d62ac4082c51a0ac62f31eeff9a,Primary,SLT (excl head),Ring-fenced time with statutory training to ensure some degree of consistency.,0,0,,,0,0,0,0,0,0,1,0,0,0,0,0,0,0,0,0,0,0,0,0,0,0,0,0,0,0,0,0,0,0,0,0,0,0,0,1,0,0,0,0,0,0,0,0,0,0,0,0,1,0,0,0,0,0
7ce5442484c94364ebe58ad24d86cd7479c0db229a06555b5af8baf7a6b990d4,Primary,SLT (excl head),No additional workload,0,0,,,0,0,1,0,0,0,0,0,0,0,0,0,0,0,0,0,0,0,0,0,0,0,0,0,0,0,0,0,0,0,0,0,0,0,0,0,0,0,0,0,0,0,0,0,0,0,0,0,0,0,0,0,0,0
0f636a190ff7750cf9de21a1ea6241f041aa957108be7cd7dfa3859418c5fea3,Primary,SLT (excl head),"Additional time out of class, sometimes flexible to allow for the needs of the mentor and ECT. Support from SLT",0,0,,,0,0,0,0,0,1,0,0,0,0,0,0,0,0,0,0,0,0,0,0,0,0,0,0,0,1,0,0,0,0,0,0,0,0,0,0,0,0,0,0,0,0,0,0,0,0,0,0,0,0,0,0,0,0
fcb144edd19429c25273a8b57c50b91f6213d291d7356bf16a50b2f06140b812,Primary,SLT (excl head),fully resources and funded,0,0,,,0,0,0,0,0,0,0,0,0,0,0,0,0,0,0,0,0,0,0,0,1,0,0,0,0,0,0,0,0,0,0,0,0,0,0,0,0,0,0,0,0,0,0,0,0,0,0,0,0,0,0,0,0,0
0ecd80c375550edf46c3a5a13c0805c957ed535472d12874984d05a3fc8a0627,Primary,SLT (excl head),Protected time given ,0,0,,,0,0,0,0,0,0,1,0,0,0,0,0,0,0,0,0,0,0,0,0,0,0,0,0,0,0,0,0,0,0,0,0,0,0,0,0,0,0,0,0,0,0,0,0,0,0,0,0,0,0,0,0,0,0
2138ded80feb26bcc2a7635abf22903a24bd32266200cda50f9df522ba607391,Primary,SLT (excl head),Additional time to visit the mentee’s classroom and support on the job.,0,0,,,0,0,0,0,0,1,0,0,0,0,0,1,0,0,0,0,0,0,0,0,0,0,0,1,0,0,0,0,0,0,0,0,0,0,0,0,0,0,0,0,0,0,0,0,0,0,0,0,0,0,0,0,0,0
8e5aa70af2da84cccc70662c9ff99d066d4e40ac0ac6fd12ea26794f618e506a,Primary,SLT (excl head),"Time away from class that isn't PPA, to complete mentor duties. I was not given any time so meetings had to be done in my PPA and reports had to be done at home in the evening on top of SLT duties and a full time teaching commitment.",0,0,,,0,0,1,0,0,0,1,0,0,0,1,0,0,0,0,1,0,0,0,0,0,0,0,0,0,0,0,0,0,0,0,0,0,0,0,0,0,0,0,0,0,0,0,0,0,0,0,0,0,0,1,0,0,0
2d652f521f49b66584606ce7f95f1828cdbe0b4ae059f5842d1597e6a9cd333f,Primary,SLT (excl head),Personalised ,0,0,,1,0,0,0,0,0,0,0,0,0,0,0,0,0,0,0,0,0,0,0,0,0,0,0,0,0,0,0,0,0,0,0,0,0,0,0,0,0,0,0,0,0,0,0,0,0,0,0,0,0,0,0,0,0,0
b61fef6dc3db8a176bfa541387a4d85c6e0e29b519f85e73610e58996c6901d2,Primary,SLT (excl head),School to be paid to release mentors from the classroom to support trainees. ,0,0,,,1,0,0,0,0,0,0,0,0,0,0,0,0,0,0,0,0,0,0,0,0,0,0,0,0,0,0,0,0,0,0,0,0,0,0,0,0,0,0,0,0,0,0,0,0,0,0,0,0,0,0,0,0,0
89db05902351b3601ed7ac34e9e217bcac8677ba62e5cba0a50145c4bf65199b,Primary,SLT (excl head),"Additional non- contact time, more funding and salary contribution or TLR, internal and external training ",0,0,,,0,0,0,0,0,1,0,0,1,0,0,0,0,0,0,0,0,0,0,0,1,1,1,0,0,0,0,0,0,0,0,0,0,0,0,0,0,0,0,0,1,1,0,0,0,0,0,0,0,0,0,0,0,0
f06bcd4f36a16681e1ed001c53882eab5daa9d259f68944459b80155d5447cc3,Primary,SLT (excl head),"Release time, CPD. ",0,0,,,0,0,0,0,0,0,0,0,0,1,0,0,0,0,0,0,0,0,0,0,0,0,0,0,0,0,0,0,0,0,0,0,0,0,0,1,0,0,0,0,0,0,0,0,0,0,0,0,0,0,0,0,0,0
f438267d405b48c1f7187fbd03e274aa800603e1e5a1ec4e7623d746fc9c6a83,Primary,SLT (excl head),Given time to do it and a salary bonus ,0,0,,,0,0,0,0,1,0,0,0,0,0,0,0,0,0,0,0,0,0,0,0,0,1,0,0,0,0,0,0,0,0,0,0,0,0,0,0,0,0,0,0,0,0,0,0,0,0,0,0,0,0,0,0,0,0
7c3b1d0e7b1570d37e5bd2527790ed4e27f4e7836d4491c10108abc8aacf28f5,Primary,SLT (excl head),Useful and relevant training depending on experience. Earmarked time so meetings don’t need to be in ppa time or other ,0,0,,,0,0,0,0,0,0,1,0,0,0,1,0,0,0,0,0,0,0,0,0,0,0,0,0,0,0,0,0,0,0,0,0,0,0,0,0,0,0,0,0,0,0,0,1,0,0,0,0,0,0,0,0,0,0
407f66e0ae91b444e60dc63582b7a594db3003f40a7f0fb7c6798eaf43414c33,Primary,SLT (excl head),We have been mentoring new teachers forever.  Not sure why the expectations for 20 hours is now been imposed.  Agree training is necessary but this is way over the top. Not everyone is suitable for mentoring ITT students.  Schools are usually good at selecting the best mentors. ,0,0,,,0,0,0,0,0,0,0,0,0,0,0,0,0,0,0,0,0,0,0,0,0,0,0,0,0,0,0,0,0,0,0,0,0,0,0,0,0,0,0,0,0,0,0,1,0,0,0,0,0,1,0,0,0,0
6e974b75f74adb37a4d97292516e758055094bbc68b844d98db4bf52dcedfe4f,Primary,SLT (excl head),"Additional Non contact time to do this
Network meetings to discuss case studies and share best practice 
Thorough training for mentors and induction tutors 
Pay acknowledgement 
Recognised job role/title",0,0,,,0,0,0,0,0,1,0,0,1,0,0,0,0,0,0,0,0,0,0,0,0,1,0,0,1,0,0,0,1,0,0,0,0,0,0,0,0,0,0,0,0,0,0,0,0,0,0,0,0,0,0,0,0,0
073cdbe966102daf1abb978759e4c609befcf4e1b07d0ab68064b980c574d89c,Primary,SLT (excl head),"A monetary reward as well as dedicated time
",0,0,,,0,0,0,0,0,0,1,0,0,0,0,0,0,0,0,0,0,0,0,0,0,1,0,0,0,0,0,0,0,0,0,0,0,0,0,0,0,0,0,0,0,0,0,0,0,0,0,0,0,0,0,0,0,0
19c25448a1ce6e751c2ba2b831b3c6ed94a69212d2bb11483115e97f27d740d1,Primary,SLT (excl head),"Time out of class to manage the role and time in lieu to compensate for the extra meetings, training after school and paperwork. ",0,0,,,0,0,0,1,0,0,1,0,0,0,1,0,0,0,0,1,1,0,0,0,0,0,0,0,0,0,0,0,0,0,0,0,0,0,0,0,0,0,0,0,0,0,0,0,0,0,0,0,0,0,0,0,0,0
74c51384914fe870d24f8b8e3d77132c0549d17f579d890d0ef000a54a99ba67,Primary,SLT (excl head),"Non contact time to have meetings in the school day, but school budgets are so bad we can’t afford that cover every week. ",0,0,,,1,0,0,0,0,0,0,0,1,0,1,0,0,0,0,0,0,0,0,0,0,0,0,0,0,0,0,0,0,0,0,0,0,0,0,0,0,0,0,0,0,0,0,0,0,0,0,0,0,0,0,0,0,0
18884e3dea7c51297240ec72263a431987f9cf1f97d83a66ea500703aeca52bb,Primary,SLT (excl head),Funding so they can be covered to spend more time on the role,0,0,,,1,0,0,0,0,0,0,0,0,0,0,0,0,0,0,0,0,0,0,0,0,0,0,0,0,0,0,0,0,0,0,0,0,0,0,0,0,0,0,0,0,0,0,0,0,0,0,0,0,0,0,0,0,0
476f6e38c4e3fabcb348092c59d57d412e8e7d8f9814fd4e5d82aa7d455f9617,Primary,SLT (excl head),Extra payment for time ,0,0,,,0,0,0,0,0,0,0,0,0,0,0,0,0,0,0,0,0,0,0,0,0,1,0,0,0,0,0,0,0,0,0,0,0,0,0,0,0,0,0,0,0,0,0,0,0,0,0,0,0,0,0,0,0,0
3380ed8aef5ab48fe910212886b8463dc40f42ac142ce1db07b57c8317275f3e,Primary,SLT (excl head),Training that isn’t patronising. ,0,0,,,0,0,0,0,0,0,0,0,0,0,0,0,0,0,0,0,0,0,0,0,0,0,0,0,0,0,0,0,0,0,0,0,0,0,0,0,0,0,0,0,0,0,0,1,0,0,0,0,0,1,0,0,0,0
ab9aca0b1e0e1cdc3e769c0bd00a90eb4a8dc98e99bac3d47d596b731d3105f2,Primary,SLT (excl head),I’m lucky to have a non teaching post. I mentor 4 ECTs. It would be a nightmare to manage if I was teaching too,0,0,,,0,0,0,0,0,0,0,0,0,0,0,0,0,0,0,0,0,0,0,0,0,0,0,0,0,0,0,0,0,0,0,0,0,0,0,0,0,0,0,0,0,0,0,0,0,0,0,0,0,0,0,0,0,1
e1ada3cb4e8b36d30d8057505b69ff8b44a4b802e483398ab82e35e89b75f11b,Primary,SLT (excl head),"Dedicated mentor time (in addition to PPA or leadership time)
",0,0,,,0,0,0,0,0,0,1,0,0,0,0,0,0,0,0,0,0,0,0,0,0,0,0,0,0,0,0,0,0,0,0,0,0,0,0,0,0,0,0,0,0,0,0,0,0,0,0,0,0,0,0,0,0,0
9383fdf258f470296de8be6c536a803df715842a6ce293c0462b33827d0381a9,Secondary,Middle Leader,Weekly CPD specially aimed at mentoring and leading,0,0,,,0,0,0,0,0,0,0,0,0,0,0,0,0,0,0,0,1,0,0,0,0,0,0,0,0,0,0,0,0,0,0,0,0,0,0,0,0,0,0,0,0,0,0,0,0,0,0,0,0,0,0,0,0,0
43f6bc99873c39680ef9562d61fcabae7d3b260772f283ff70ef53769508c89d,Secondary,Middle Leader,A lot less form filling.,0,0,,,0,0,0,0,0,0,0,0,0,0,0,0,0,0,0,0,0,0,0,0,0,0,0,0,0,0,0,0,0,0,0,0,0,0,0,0,0,0,0,0,0,0,0,0,0,0,0,1,0,0,0,0,0,0
d0523d034555617ecf43fd4c4e728a3201d2de44d3af7dc028d652a8ccdfa88d,Secondary,Middle Leader,Sufficient time allowed to gain a qualification and be trained. ,0,0,,,0,0,0,0,0,0,0,0,0,0,0,0,0,0,0,0,1,0,0,0,0,0,0,0,0,0,0,0,0,0,0,0,0,0,0,0,0,0,0,0,0,0,0,0,1,0,0,0,0,0,0,0,0,0
1d9cd274e0f9b64ae993bcdcd3c6ec0b533b60645031a67948a62efaa4a88315,Secondary,Middle Leader,Protected time. Salary increase,0,0,,,0,0,0,0,0,0,1,0,0,0,0,0,0,0,0,0,0,0,0,0,0,1,0,0,0,0,0,0,0,0,0,0,0,0,0,0,0,0,0,0,0,0,0,0,0,0,0,0,0,0,0,0,0,0
31542b39cbf6ce0d9e47f30bbaeb769357f4e018ce3fd6d2017b2dfaedc267b7,Primary,Middle Leader,Time or money. For it to be incorporated into a designated teacher educator role. ,0,0,,,0,0,0,0,1,0,0,0,0,0,0,0,0,0,0,0,0,0,0,1,0,0,1,0,0,0,0,0,0,0,0,0,0,0,0,0,0,0,0,0,0,0,0,0,0,0,0,0,0,0,0,0,0,0
bc9bb2db3044ca010ec9908664bd5bd2ed8cdd7decb9fdb4ab7a41795d5a08da,Primary,Classroom Teacher,Additional release time and a TLR. ,0,0,,,0,0,0,0,0,1,0,0,0,1,0,0,0,0,0,0,0,0,0,0,0,0,1,0,0,0,0,0,0,0,0,0,0,0,0,0,0,0,0,0,0,0,0,0,0,0,0,0,0,0,0,0,0,0
bfd687a74be33c9090b810308a3cd8ecc1488d33617bae255a82c3789db87122,Primary,Middle Leader,Time,0,0,,,0,0,0,0,1,0,0,0,0,0,0,0,0,0,0,0,0,0,0,0,0,0,0,0,0,0,0,0,0,0,0,0,0,0,0,0,0,0,0,0,0,0,0,0,0,0,0,0,0,0,0,0,0,0
ddfd08eeeb1e117239eecec5c7e20f27167cd305d2e3dedffc7dbfdc2d9e0168,Primary,Middle Leader,"Protected time, full training, regular support",0,0,,,0,0,0,0,0,0,1,0,0,0,0,0,0,0,0,0,0,0,0,0,0,0,0,1,0,0,0,0,0,0,0,0,0,0,0,1,0,0,0,0,0,0,0,0,0,0,0,0,0,0,0,0,0,0
a8061e7aa05b223eed71bcdb4e18d4a83f9b35673636a0ffcb0998557d449f75,Primary,Middle Leader,Support from SLT. Time to complete paperwork.  ,0,0,,,0,0,0,0,0,0,0,0,0,0,0,0,0,0,0,1,0,0,0,0,0,0,0,0,0,1,0,0,0,0,0,0,0,0,0,0,0,0,0,0,0,0,0,0,0,0,0,0,0,0,0,0,0,0
77202851d15020994938af0efb681e2e078c382cc1183577f65c19ad1520c81b,Primary,Middle Leader,Protected time to support ect,0,0,,,0,0,0,0,0,0,1,0,0,0,0,0,0,0,0,0,0,0,0,0,0,0,0,0,0,0,0,0,0,0,0,0,0,0,0,0,0,0,0,0,0,0,0,0,0,0,0,0,0,0,0,0,0,0
8e36036fbeedc61552f2c5defbba03d6f392b5ae2004a994c1b3030cf1b5709a,Primary,Middle Leader,Additional pay to recognise the role and accompanying workload ,0,0,,,0,0,0,0,0,0,0,0,0,0,0,0,0,0,0,0,0,0,0,0,0,1,0,0,0,0,0,0,0,0,0,0,0,0,0,0,0,0,0,0,0,0,0,0,0,0,0,0,0,0,0,0,0,0
f0db0d6dd6dbb13362d826493e9ccf431ad06e0378045b13f6788c781bfd1c1b,Primary,Middle Leader,Bi-weekly time in school out of the classroom to be allow time for mentor admin. ,0,0,,,0,0,0,0,0,0,0,0,1,0,0,0,0,0,0,1,0,0,0,0,0,0,0,0,0,0,0,0,0,0,0,0,0,0,0,0,0,0,0,0,0,0,0,0,0,0,0,0,0,0,0,0,0,0
ae34fcab626aec1512de4d76728a2660fe037bc57b639d3636f5e2cfe6beaddc,Primary,Middle Leader,More protected time to carry out the role - cover must be fully funded.,0,0,,,1,0,0,0,0,1,1,0,0,0,0,0,0,0,0,0,0,0,0,0,0,0,0,0,0,0,0,0,0,0,0,0,0,0,0,0,0,0,0,0,0,0,0,0,0,0,0,0,0,0,0,0,0,0
2dd268a1e8be6ee6aa59839dbc2d4353228a01a5017e9beac04a5c268207230d,Primary,Middle Leader,"Additional time to prepare for mentor meetings, in depth training on expectations for ECTs",0,0,1,,0,0,0,0,0,1,0,0,0,0,0,0,0,0,0,0,0,1,0,0,0,0,0,0,0,0,0,0,0,0,0,0,0,0,0,1,0,0,0,0,0,0,0,0,0,0,0,0,0,0,0,0,0,0
398fcf96be49802909177789d240fdd60b897c16f0ceb06c3cdb83c728c33404,Primary,Middle Leader,Time out of class to undertake these responsibilities ,0,0,,,0,0,0,0,1,0,0,0,0,0,0,0,0,0,0,0,0,0,0,0,0,0,0,0,0,0,0,0,0,0,0,0,0,0,0,0,0,0,0,0,0,0,0,0,0,0,0,0,0,0,0,0,0,0
2daf36e26d36385f6f9bb896e2995d8a15c0d1515f7294c10b85f8a49438d677,Primary,Middle Leader,More money!,0,0,,,0,0,0,0,0,0,0,0,0,0,0,0,0,0,0,0,0,0,0,1,0,0,0,0,0,0,0,0,0,0,0,0,0,0,0,0,0,0,0,0,0,0,0,0,0,0,0,0,0,0,0,0,0,0
cba5d6e2f398d47233dac42e254bb386483b43d706e17527721a18df212f1b7a,Primary,Classroom Teacher,Minimum of 1 hours non contact time per week for mentoring plus time for training. Extra pay for mentors as the role involves extra time beyond weekly scheduled mentor meetings. ,0,0,,,0,0,0,0,0,0,0,0,1,0,0,0,0,0,0,0,1,0,0,0,0,1,0,0,0,0,0,0,0,0,0,0,0,0,0,0,0,0,0,0,0,0,0,0,0,0,0,0,0,0,0,0,0,0
04565bf4b823ba3ed129650e944d291b9d190ded2157007c14824e676492afdb,Primary,Classroom Teacher,Dedicated release time to observe and feedback & meet mentees.,0,0,,,0,0,0,0,0,0,1,0,0,1,1,0,1,1,0,0,0,0,0,0,0,0,0,0,0,0,0,0,0,0,0,0,0,0,0,0,0,0,0,0,0,0,0,0,0,0,0,0,0,0,0,0,0,0
465a37ddd13a8ec439181496455bf7e0f35098fecd3539692da26238226e59ba,Primary,Middle Leader,Additional time given for paperwork ,0,0,,,0,0,0,0,0,1,0,0,0,0,0,0,0,0,0,1,0,0,0,0,0,0,0,0,0,0,0,0,0,0,0,0,0,0,0,0,0,0,0,0,0,0,0,0,0,0,0,0,0,0,0,0,0,0
135763d42504a1fba34d1dc4056232a2287d9cf18e5b6277a3c12960e44fa7e0,Primary,Classroom Teacher,Non contact hours to prepare and research and discuss/meet with other mentors ,0,0,,,0,0,0,0,0,0,0,0,1,0,1,0,0,0,0,0,1,1,0,0,0,0,0,0,0,0,0,0,0,0,0,0,0,0,0,0,0,0,0,0,0,0,0,0,0,0,0,0,0,0,0,0,0,0
e025ec1cd15f403276f8dff33088c89ba481c2d868f6d310e19571f0c72e3ee5,Primary,Classroom Teacher,Protected time out of class alongside mentee,0,0,,,0,0,0,0,0,0,1,0,0,0,1,0,0,0,0,0,0,0,0,0,0,0,0,0,0,0,0,0,0,0,0,0,0,0,0,0,0,0,0,0,0,0,0,0,0,0,0,0,0,0,0,0,0,0
702534ab340876b39183a1023c189a665cac56ae274e3bce25a0f82ccbf85d9b,Primary,Classroom Teacher,Time to do it!,0,0,,,0,0,0,0,1,0,0,0,0,0,0,0,0,0,0,0,0,0,0,0,0,0,0,0,0,0,0,0,0,0,0,0,0,0,0,0,0,0,0,0,0,0,0,0,0,0,0,0,0,0,0,0,0,0
a0ef9dc6b7f593f229b81e1bda35ba22e90d768455225f0957c448ac08a7add2,Primary,Middle Leader,"Some with adequate time out of class to ensure a variety of lessons are observed, experience in the ECTs year group ",1,0,,,0,0,0,0,0,0,0,0,0,0,0,0,1,0,0,0,0,0,0,0,0,0,0,0,0,0,0,0,0,0,0,0,0,0,0,0,0,0,0,0,0,0,0,0,0,0,0,0,0,0,0,0,0,0
31b0ebc48df5b4da870745c955545981b7d37e56ac1e0941db70f724841b9e18,Primary,Middle Leader,"Time out of class that doesn't create extra work for the mentor to fulfil the role of mentor, including additional time when ite mentee reports are due; small tlr in recognition of the role would encourage more teachers to do it ",0,0,,,0,0,1,0,0,1,0,0,0,0,0,0,0,0,0,1,0,0,0,0,0,0,1,0,0,0,0,0,0,0,0,0,0,0,0,0,0,0,0,0,0,0,0,0,0,0,0,0,0,0,0,0,0,0
ff282ffd95938496c93518715def499dc86cfca0d09b5a4da647772ffae9ebc1,Primary,Classroom Teacher,Extra pay and recognition ,0,0,,,0,0,0,0,0,0,0,0,0,0,0,0,0,0,0,0,0,0,0,0,0,1,0,0,1,0,0,0,0,0,0,0,0,0,0,0,0,0,0,0,0,0,0,0,0,0,0,0,0,0,0,0,0,0
0b3bbb6ed1f67489325e6851ad7b77c28bebc73f48d023835d8aa3eb108af915,Primary,Classroom Teacher,National accreditted training,0,0,,,0,0,0,0,0,0,0,0,0,0,0,0,0,0,0,0,0,0,0,0,0,0,0,0,0,0,0,0,0,0,0,0,0,0,0,0,0,0,0,0,0,0,0,0,1,0,0,0,0,0,0,0,0,0
22af8c597b616f98992c002c37df0508266a2c90fdb3733a75077d2cfec62fa0,Primary,Middle Leader,Release time to complete the role. Financial reward.,0,0,,,0,0,0,0,0,0,0,0,0,1,0,0,0,0,0,0,0,0,0,0,0,1,0,0,0,0,0,0,0,0,0,0,0,0,0,0,0,0,0,0,0,0,0,0,0,0,0,0,0,0,0,0,0,0
8b2a1f8757a86fa6f8bc82226845290ba6e852421c03873df926e8814f715596,Primary,Middle Leader,"Time allowed for meetings and observations 
Training as appropriate 
Recognition ",0,0,,,0,0,0,0,0,0,0,0,0,0,1,0,1,0,0,0,0,0,0,0,0,0,0,0,1,0,0,0,0,0,0,0,0,0,0,1,0,0,0,0,0,0,0,0,0,0,0,0,0,0,0,0,0,0
9e03b2d7c203313204b659b3c5ca79260cd61357b39c6304e3c0f32e42d70623,Primary,Classroom Teacher,"Additional release time (or even the statutory release time would be nice!) 
Financial recompense 
Or even a thank you and well done. ",0,0,,,0,0,0,0,0,1,0,0,0,1,0,0,0,0,0,0,0,0,0,0,0,1,0,0,1,0,0,0,0,0,0,0,0,0,0,0,0,0,0,0,0,0,0,0,0,0,0,0,0,1,0,0,0,0
4a2eb59d78a1ff38d872295332216c9f208a69c0796c3196bd01f05c081c810a,Primary,Classroom Teacher,No idea - anything is better than the current nothing. ,0,0,,,0,0,0,0,0,0,0,0,0,0,0,0,0,0,0,0,0,0,0,0,0,0,0,0,0,0,0,0,0,0,0,0,0,0,0,0,0,0,0,0,0,0,0,0,0,0,0,0,0,0,1,0,0,0
1974913eb82ad1b3ca0d824b2d9ea926081cb611778dc36214aff1d69cf99d4b,Primary,Middle Leader,Increased time to meet with and talk about learning with the student. Mentor time with an experienced colleague. Increased wage contribution. ,0,0,,,0,0,0,0,0,1,0,0,0,0,1,0,0,0,1,0,0,0,0,0,0,1,0,0,0,0,0,0,0,1,0,0,0,0,0,0,0,0,0,0,0,0,0,0,0,0,0,0,0,0,0,0,0,0
e148458ebdc68e2109fdd200589401e7b0f8f760072403ec166b1f145358ebbc,Primary,Classroom Teacher,"Make sure that ample, quality time is ring-fenced for mentors and mentees to work together effectively. Timetabled and adhered to. ",0,0,,,0,0,0,0,0,0,1,0,0,0,1,0,0,0,1,0,0,0,0,0,0,0,0,0,0,0,0,0,0,0,0,0,0,0,0,0,0,0,0,0,0,0,0,0,0,0,0,0,0,0,0,0,0,0
5387bc28560e3a74116c0cccf76d2c259eef75349aa12f50ac1241e0b2834ab1,Secondary,Classroom Teacher,Time to do the role justice.,0,0,,,0,0,0,0,1,0,0,0,0,0,0,0,0,0,0,0,0,0,0,0,0,0,0,0,0,0,0,0,0,0,0,0,0,0,0,0,0,0,0,0,0,0,0,0,0,0,0,0,0,0,0,0,0,0
c093133d22f573a3feb86cf4ffb8b97d1d19e5297fe08bc07e86222050d53689,Secondary,Middle Leader,"Allocated time, at a minimum mentor meetings counting towards timetable allocation (rather than done on top of full timetable). Thorough training for new mentors & annual refresher training, with termly check-ins (with time allocated) to liaise with ITE coordinator.",0,0,,,0,0,0,0,0,0,1,0,0,0,1,1,0,0,1,0,0,0,0,0,0,0,0,0,0,0,0,0,0,0,0,0,0,0,1,0,0,0,0,0,0,0,0,1,0,0,0,0,0,0,0,0,0,0
97686b12567c6983784d2c91e90f9863b9ffda77447ddea8475a00dabb6dbf32,Secondary,Middle Leader,"Provision of more than the statutory time as preparation for meetings takes time, but only the meeting time is blocked out ",0,0,,,0,0,0,0,0,1,0,0,0,0,0,0,0,0,0,1,0,1,0,0,0,0,0,0,0,0,0,0,0,0,0,0,0,0,0,0,0,0,0,0,0,0,0,0,0,0,0,0,0,0,0,0,0,0
bd90dfee7f2edfcef4c7b583f28c149cbb3e7bd436a3cdf0f234ab36194aadb6,Secondary,Middle Leader,"At least one extra hour a week reduction in teaching load to enable planning support, to allow for joint observations etc.",0,0,,,0,0,0,0,0,1,0,0,1,0,0,0,1,0,0,1,0,1,0,0,0,0,0,0,0,0,0,0,0,0,0,0,0,0,0,0,0,0,0,0,0,0,0,0,0,0,0,0,0,0,0,0,0,0
1af82ad3454f16ba1cd452bc66a4862892ceab5ee2c1d92fdf2504b32c62b5dc,Secondary,Middle Leader,All of what you listed!,0,0,,,0,0,0,0,0,1,1,0,1,0,0,0,0,0,0,0,0,0,0,0,0,1,0,0,0,0,1,1,0,0,0,0,0,1,0,0,0,0,0,0,1,1,0,0,0,0,0,0,0,0,0,0,0,0
9cdff60c9575f3c03e819bb64068e6a2168e80d000a48b77e905a27ffc7c3bd3,Secondary,Middle Leader,"Protected time for sessions with mentees, training on giving effective feedback, protected observation time",0,0,,,0,0,0,0,0,0,1,0,0,0,1,0,1,0,0,0,0,0,0,0,0,0,0,0,0,0,0,0,0,0,0,0,0,0,0,0,0,0,1,0,0,0,0,0,0,0,0,0,0,0,0,0,0,0
22811a672649ffbff0cec60dfce1f8f4154024c71ffe3a1310789284e26ece90,Secondary,Classroom Teacher,Enough time on the timetable.,0,0,,,0,0,0,0,1,0,0,0,0,0,0,0,0,0,0,0,0,0,0,0,0,0,0,0,0,0,0,0,0,0,0,0,0,0,0,0,0,0,0,0,0,0,0,0,0,0,0,0,0,0,0,0,0,0
77c469fc2c4e0754f877f4b5c1c6e2be9b17ef699fbc6f8d8d71374634ab4db4,Secondary,Middle Leader,Time and money ,0,0,,,0,0,0,0,1,0,0,0,0,0,0,0,0,0,0,0,0,0,0,1,0,0,0,0,0,0,0,0,0,0,0,0,0,0,0,0,0,0,0,0,0,0,0,0,0,0,0,0,0,0,0,0,0,0
8a8adff99c30f11be864230d88e84d321f465fc853c907d3bfd8543c470cabfa,Secondary,Middle Leader,More allocated time to provide feedback and support trainee with planning e.g time to collaboratively plan,0,0,,,0,0,0,0,0,0,1,0,0,0,0,0,0,1,1,0,0,0,0,0,0,0,0,0,0,0,0,0,0,0,0,0,0,0,0,0,0,0,0,0,0,0,0,0,0,0,0,0,0,0,0,0,0,0
0ed36068c554d255ff44e12ca58a0666f6a103ff27d65f35eefe8b2938f7e824,Secondary,Middle Leader,Protected PPA,0,0,,,0,0,0,0,0,0,1,1,0,0,0,0,0,0,0,0,0,0,0,0,0,0,0,0,0,0,0,0,0,0,0,0,0,0,0,0,0,0,0,0,0,0,0,0,0,0,0,0,0,0,0,0,0,0
19335fdcd08212aa858cd6a4dfbdb3216dbd15b9d68dba574da45e01b088eede,Secondary,Middle Leader,"Clear training in advance of mentoring starting, with time given for mentoring meetings and associated tasks once mentoring begins. This time should not reduce the amount if PPA/non contact time. It should be a reduction in teaching hours to reflect the additional responsibility and workload",1,0,,,0,0,1,0,0,0,1,0,0,0,1,0,0,0,0,1,0,0,0,0,0,0,0,0,0,0,0,0,0,0,0,0,0,0,0,0,0,0,0,0,0,0,0,0,0,0,0,0,0,0,0,0,0,0
4c4382ad1923e4b3c9855018eb810210c1d23ce61fd37c906dbe2eedecba73cb,Secondary,Middle Leader,"Additional salary, additional non- contact time and more CPD",0,0,,,0,0,0,0,0,1,0,0,1,0,0,0,0,0,0,0,0,0,0,0,0,1,0,0,0,0,0,0,0,0,0,0,0,0,0,1,0,0,0,0,0,0,0,0,0,0,0,0,0,0,0,0,0,0
6c19424ecbcaed0f2fa5a7a636a78db57dcae6bc106b639f736296626222aa12,Secondary,Middle Leader,Protected time ,0,0,,,0,0,0,0,0,0,1,0,0,0,0,0,0,0,0,0,0,0,0,0,0,0,0,0,0,0,0,0,0,0,0,0,0,0,0,0,0,0,0,0,0,0,0,0,0,0,0,0,0,0,0,0,0,0
ef42547423c038fd1d4dae3061c40d2684a4dc688b915f30aac0946869e4d3df,Secondary,Classroom Teacher,"Ensure that if ITE mentors are not post holders, they have additional time allocated on timetable (not just for mentor meetings) that they can use for observations, informal drop ins, time to complete admin. If this is not possible, for some directed time to be offered to mentors in which they can complete these additional admin tasks to ensure mentees are appropriately supported. ",0,0,,,0,0,0,0,0,1,1,0,0,0,0,1,1,0,0,1,0,0,0,0,0,0,0,0,0,0,0,0,0,0,0,0,0,0,0,0,0,0,0,0,0,0,0,0,0,0,0,0,0,0,0,0,0,0
8a0e5b9c27c834bc86f93f9c2f7a735390845bb4ca0a9abc7e7b1853d17ec352,Secondary,Middle Leader,Time,0,0,,,0,0,0,0,1,0,0,0,0,0,0,0,0,0,0,0,0,0,0,0,0,0,0,0,0,0,0,0,0,0,0,0,0,0,0,0,0,0,0,0,0,0,0,0,0,0,0,0,0,0,0,0,0,0
4fe666c1e4b577a427052b814693bc09cc60eb45d6e16359b9bf4af5a9da8368,Secondary,Middle Leader,Time + pay,0,0,,,0,0,0,0,1,0,0,0,0,0,0,0,0,0,0,0,0,0,0,0,0,1,0,0,0,0,0,0,0,0,0,0,0,0,0,0,0,0,0,0,0,0,0,0,0,0,0,0,0,0,0,0,0,0
1f9cd86e03c497f5393bf4b37288e8fb2a8bb58dccb4d6e64c2b88f58e576b5f,Secondary,Middle Leader,More time; more flexibility to deviate from proscribed structure,0,0,,1,0,0,0,0,0,1,0,0,0,0,0,0,0,0,0,0,0,0,0,0,0,0,0,0,0,0,0,0,0,0,0,0,0,0,0,0,0,0,0,0,0,0,0,0,0,0,0,0,0,0,0,0,0,0
83f87625c29eead558e7b1c31bb3c4020b12a0d3b0844a63269cabb6dd8fe7d3,Secondary,Middle Leader,Dedicated time and support to do observations. Good access to training and recognition of the expertise and process. Social events for teams,0,0,,,0,0,0,0,0,0,1,0,0,0,0,0,1,0,0,0,0,0,0,0,0,0,0,1,1,0,0,1,0,0,0,0,0,0,0,1,0,0,0,0,0,0,0,0,0,0,0,0,0,0,0,0,0,0
263375d0513c8db763a79693bd642f5b00b89a06b6380ecb00b87dd25bc43ce6,Secondary,Middle Leader,"Salary uplift, additional non-contact hours and reduce workload in other areas.",0,0,,,0,0,1,0,0,1,0,0,1,0,0,0,0,0,0,0,0,0,0,0,0,1,0,0,0,0,0,0,0,0,0,0,0,0,0,0,0,0,0,0,0,0,0,0,0,0,0,0,0,0,0,0,0,0
2f621761543783ef32fc653c4833e998e5f4a0a0cfbfe5758ad76519416eb7a8,Secondary,Classroom Teacher,Allocated time on my timetable plus salary increase. Continued internal and external training ,0,0,,,0,0,0,0,0,0,1,0,0,0,0,0,0,0,0,0,0,0,0,0,0,1,0,0,0,0,0,0,0,0,0,0,0,0,0,0,0,0,0,0,1,1,0,0,0,0,0,0,0,0,0,0,0,0
7996d69280c4af0631cb766d457c241b592248f466cd7b2f18f9b367c1fa7e5b,Secondary,Middle Leader,Time to pop into all classes not just those happen to be free for as the variety can be missing,0,0,,,0,0,0,0,0,0,0,0,0,0,0,1,0,0,0,0,0,0,0,0,0,0,0,0,0,0,0,0,0,0,0,0,0,0,0,0,0,0,0,0,0,0,0,0,0,0,0,0,0,0,0,0,0,0
4e747018ed36461b803d64b55f5ce1e6a1f4f795ca378c868e1dc2c44c3a9ac7,Secondary,Classroom Teacher,"Time for meetings and observations embedded in the timetable ( and not taking away personal time or PPA), meetings to support consistency across departments and have discussions about inter and intra curricular necessities, links with inter ITE mentors- particularly useful if your are a first time mentor ",0,0,,,0,0,0,0,0,0,1,0,0,0,1,0,1,0,0,0,0,0,0,0,0,0,0,0,0,0,0,0,0,0,0,1,0,0,0,0,0,0,0,0,0,0,0,0,0,0,0,0,0,0,0,0,0,0
064c8f61bf7bd3f851961f09d10417405cf03f4298e22198b64d737d39efc3ac,Secondary,Middle Leader,"Time given on timetable,  recognition of responsibility and time given. ",0,0,,,0,0,0,0,0,0,1,0,0,0,0,0,0,0,0,0,0,0,0,0,0,0,0,0,1,0,0,0,0,0,0,0,0,0,0,0,0,0,0,0,0,0,0,0,0,0,0,0,0,0,0,0,0,0
6a868e49ea7b32fc8223dea221fdb7cd3844c2fac3667a5e266878d6a59d803b,Secondary,Middle Leader,More time ,0,0,,,0,0,0,0,0,1,0,0,0,0,0,0,0,0,0,0,0,0,0,0,0,0,0,0,0,0,0,0,0,0,0,0,0,0,0,0,0,0,0,0,0,0,0,0,0,0,0,0,0,0,0,0,0,0
2d8a3bafbb34ebb81e560dd2d4470e511d00df1e77b6642f9444d95e9ce8a06c,Secondary,Middle Leader,"Mentors need extra time off timetable both with their mentee and when their mentee is teaching to ensure times for observations and meetings can be provided regularly and effectively. Support when done properly can be time consuming and to ensure it is helping the mentee make progress whilst not adding to a mentors already huge work load, it should be during the school day. ",0,0,,,0,0,1,0,0,1,1,0,1,0,1,0,1,0,0,0,0,0,0,0,0,0,0,0,0,0,0,0,0,0,0,0,0,0,0,0,0,0,0,0,0,0,0,0,0,0,0,0,0,0,0,0,0,0
0b46793bce61cb810444b4bd594883c1ae268e9f942185f6996dde97c9d27cff,Secondary,Middle Leader,Additional time. Historically my school offered a small additional payment but this has been withdrawn.,0,0,,,0,0,0,0,0,1,0,0,0,0,0,0,0,0,0,0,0,0,0,0,0,1,0,0,0,0,0,0,0,0,0,0,0,0,0,0,0,0,0,0,0,0,0,0,0,0,0,0,0,1,0,0,0,0
0569119096a7307206a7227e0af1ce0db408d66cbbe16259bc4aa16f07b7b2b7,Secondary,Classroom Teacher,Time time and more time ,0,0,,,0,0,0,0,0,1,0,0,0,0,0,0,0,0,0,0,0,0,0,0,0,0,0,0,0,0,0,0,0,0,0,0,0,0,0,0,0,0,0,0,0,0,0,0,0,0,0,0,0,0,0,0,0,0
8ad9e930e751d517f1f184ebc81a2252862d3c579b209a559ca24f25ce8f50a4,Secondary,Middle Leader,More subject specific support,0,0,,,0,0,0,0,0,1,0,0,0,0,0,0,0,0,0,0,0,0,0,0,0,0,0,0,0,0,0,0,0,0,0,0,0,0,0,0,0,0,0,0,0,0,0,0,0,0,0,0,0,0,0,0,0,0
845e41da964fd3ee74a6b088675fd62306eae4bdd17198a4e9dc588a287610ad,Secondary,Middle Leader,Allocated time allowance when timetabling to facilitate the extra meetings and observations required ,0,0,,,0,0,0,0,0,0,1,0,0,0,1,0,1,0,0,0,0,0,0,0,0,0,0,0,0,0,0,0,0,0,0,0,0,0,0,0,0,0,0,0,0,0,0,0,0,0,0,0,0,0,0,0,0,0
3d5084257b6adaac95a58a90bfe796275adf119875bb53dcdbbf2fabba031a0c,Secondary,Classroom Teacher,"Termly network sessions
Protected time for observations
Recognition across the school
Central list of mentors in school for all staff to access",1,0,,,0,0,0,0,0,0,1,0,0,0,0,0,1,0,0,0,0,0,0,0,0,0,0,0,1,0,0,0,1,0,0,0,0,0,0,0,0,0,0,0,0,0,0,0,0,1,0,0,0,0,0,0,0,0
fc5a6067b22b2ea2cf7495205ae435fe0ead545f07671da7627b0271e443f4f6,Secondary,Middle Leader,Time. More time. Time.,0,0,,,0,0,0,0,0,1,0,0,0,0,0,0,0,0,0,0,0,0,0,0,0,0,0,0,0,0,0,0,0,0,0,0,0,0,0,0,0,0,0,0,0,0,0,0,0,0,0,0,0,0,0,0,0,0
2b76354652c1567239011262f218d51d791413b89ef65cce76f32b9f0e18f22f,Secondary,Classroom Teacher,Protected meeting and observation time. Bonus for being a mentor. At least one year off for every 2 years of mentoring competed,0,0,,,0,0,1,0,0,0,1,0,0,0,1,0,1,0,0,0,0,0,0,0,0,1,0,0,0,0,0,0,0,0,0,0,0,0,0,0,0,0,0,0,0,0,0,0,0,0,0,0,0,0,0,0,0,0
b46871a7c65eabe10724a715ca36971f53437ce0df065d911e80c201844fc510,Secondary,Classroom Teacher,Time!  Always time. ,0,0,,,0,0,0,0,1,0,0,0,0,0,0,0,0,0,0,0,0,0,0,0,0,0,0,0,0,0,0,0,0,0,0,0,0,0,0,0,0,0,0,0,0,0,0,0,0,0,0,0,0,0,0,0,0,0
0d084bf0ffa67a3c4b2e2f7b89f8629d201b1455ec13f31f95cc1567c4cd7058,Secondary,Classroom Teacher,Extra time. ,0,0,,,0,0,0,0,0,1,0,0,0,0,0,0,0,0,0,0,0,0,0,0,0,0,0,0,0,0,0,0,0,0,0,0,0,0,0,0,0,0,0,0,0,0,0,0,0,0,0,0,0,0,0,0,0,0
f31a0cf670c48025938cc0502296772ff02031b1e232c38a0e7035e1db6e4628,Secondary,Classroom Teacher,More time allocated,0,0,,,0,0,0,0,0,1,1,0,0,0,0,0,0,0,0,0,0,0,0,0,0,0,0,0,0,0,0,0,0,0,0,0,0,0,0,0,0,0,0,0,0,0,0,0,0,0,0,0,0,0,0,0,0,0
93f1586aa9e744b5bc2b349c7fe13a935aac5958803a11b11843b0c69c93c84c,Secondary,Middle Leader,"Adequate time to do the role well
Paid mentoring 
Excellent training
School wide support/recgnition
",0,0,,,0,0,0,0,1,0,0,0,0,0,0,0,0,0,0,0,0,0,0,0,0,1,0,1,1,0,0,0,0,0,0,0,0,0,0,0,0,0,0,0,0,0,0,1,0,0,0,0,0,0,0,0,0,0
fff181f9da12c00927734d68f3c36118c4a050c68bc6228222546f7660b996a6,Secondary,Middle Leader,Extra time to actual mentor; time to spend planning with them and not just jump through hoops for forms ,0,0,,,0,0,0,0,0,1,0,0,0,0,0,0,0,0,1,0,0,0,0,0,0,0,0,0,0,0,0,0,0,0,0,0,0,0,0,0,0,0,0,0,0,0,0,0,0,0,0,1,0,0,0,0,0,0
0408f92a0b0bf79be728df9a572cd597ce0044d3c73c0e7a90e59951310f6ddf,Secondary,Classroom Teacher,Payment and more time ,0,0,,,0,0,0,0,0,1,0,0,0,0,0,0,0,0,0,0,0,0,0,0,0,1,0,0,0,0,0,0,0,0,0,0,0,0,0,0,0,0,0,0,0,0,0,0,0,0,0,0,0,0,0,0,0,0
03c58ac638a60f087a320043be752f716d62c22ef48008c23770165173142d61,Secondary,Middle Leader,Extra protected time ,0,0,,,0,0,0,0,0,1,1,0,0,0,0,0,0,0,0,0,0,0,0,0,0,0,0,0,0,0,0,0,0,0,0,0,0,0,0,0,0,0,0,0,0,0,0,0,0,0,0,0,0,0,0,0,0,0
08fdbccb36aa878a1239358f2d8271296508bc539da32c8c306467520fbfeb68,Secondary,Middle Leader,Reasonable time off timetable to provide excellent mentoring.,0,0,,,0,0,0,0,0,0,0,0,1,0,0,0,0,0,0,0,0,0,0,0,0,0,0,0,0,0,0,0,0,0,0,0,0,0,0,0,0,0,0,0,0,0,0,0,0,0,0,0,0,0,0,0,0,0
bc6784823ea0b260b38da7d885d0608737a99b4a82a2c8a4a4e17dc87bd1ead6,Secondary,Middle Leader,Time allowed on timetable. ,0,0,,,0,0,0,0,0,0,0,0,1,0,0,0,0,0,0,0,0,0,0,0,0,0,0,0,0,0,0,0,0,0,0,0,0,0,0,0,0,0,0,0,0,0,0,0,0,0,0,0,0,0,0,0,0,0
1c80a6be5d0229847a5fac8ff0af17f38b7451f3c45dfd4ca815cd5b897e4fba,Secondary,Classroom Teacher,Additional non contact time ,0,0,,,0,0,0,0,0,1,0,0,1,0,0,0,0,0,0,0,0,0,0,0,0,0,0,0,0,0,0,0,0,0,0,0,0,0,0,0,0,0,0,0,0,0,0,0,0,0,0,0,0,0,0,0,0,0
6c53b61df6bbfc767aa1b1187a5aca7c03c17b0389488b66325df01cc43a82df,Secondary,Classroom Teacher,Allowance of (protected and more)time for the mentor to effectively support the mentee! ,0,0,,,0,0,0,0,0,1,1,0,0,0,0,0,0,0,0,0,0,0,0,0,0,0,0,0,0,0,0,0,0,0,0,0,0,0,0,0,0,0,0,0,0,0,0,0,0,0,0,0,0,0,0,0,0,0
ce19bcd1979a2eafb22acbeac7208812ef89440860e5caf48741248181c71620,Secondary,Middle Leader,More time! ,0,0,,,0,0,0,0,0,1,0,0,0,0,0,0,0,0,0,0,0,0,0,0,0,0,0,0,0,0,0,0,0,0,0,0,0,0,0,0,0,0,0,0,0,0,0,0,0,0,0,0,0,0,0,0,0,0
05b90986719a6a94437d4c3dd0e15866d6683f5da9250273c1e897440dbf09f9,Secondary,Classroom Teacher,"Extra protected time, salary increase and training. ",0,0,,,0,0,0,0,0,1,1,0,0,0,0,0,0,0,0,0,0,0,0,0,0,1,0,0,0,0,0,0,0,0,0,0,0,0,0,1,0,0,0,0,0,0,0,0,0,0,0,0,0,0,0,0,0,0
5306687d2586f48f4a69b42a4eb49f0450ff4333eb7316af26c9971e40efef07,Secondary,Classroom Teacher,Time on my timetable ,0,0,,,0,0,0,0,0,0,0,0,1,0,0,0,0,0,0,0,0,0,0,0,0,0,0,0,0,0,0,0,0,0,0,0,0,0,0,0,0,0,0,0,0,0,0,0,0,0,0,0,0,0,0,0,0,0
f3b07d24cd10a7c69eadeaadc00c125eeac83c388f717e7cff418841529bfa0c,Secondary,Middle Leader,Hard to say. The ITE content is impossible to get through. Too much there whilst ECTs have a huge timetable!,0,0,,,0,0,1,0,0,0,0,0,0,0,0,0,0,0,0,0,0,0,0,0,0,0,0,0,0,0,0,0,0,0,0,0,0,0,0,0,0,0,0,0,0,0,0,1,0,0,0,0,0,0,0,0,0,0
0e106f1d279988b1d64d3a6e87355d36375516fd4beb59029db202447ee98573,Secondary,Middle Leader,It would be nice if there was allocated time on the timetable for mentors to meet with the ITT lead to discuss the progress of our mentees.,0,0,,,0,0,0,0,0,0,1,0,0,0,1,0,0,0,0,0,0,0,0,0,0,0,0,0,0,0,0,0,0,0,0,0,0,0,0,0,0,0,0,0,0,0,0,0,0,0,0,0,0,0,0,0,0,0
73944014ee926a467d8ac98756c72dff3b52da18858325e4a4cd7d5182785afd,Secondary,Middle Leader,"Financial pay, training on demands of paperwork and observation etc. additional time to complete this ",0,0,,,0,0,0,0,0,1,0,0,0,0,0,0,1,0,0,1,0,0,0,0,0,1,0,0,0,0,0,0,0,0,0,0,0,0,0,0,0,0,1,0,0,0,0,0,0,0,0,0,0,0,0,0,0,0
1d32315880cfb8bfb62d0de9d721a15892c2383cd8dbb3c34a80e2f3a1290124,Secondary,Middle Leader,"Salary contribution 
",0,0,,,0,0,0,0,0,0,0,0,0,0,0,0,0,0,0,0,0,0,0,0,0,1,0,0,0,0,0,0,0,0,0,0,0,0,0,0,0,0,0,0,0,0,0,0,0,0,0,0,0,0,0,0,0,0
2295230f05fe53ffdaaeebc5ff6d10278b6ccabe3f5b64f1ba7d143353963876,Secondary,Middle Leader,Protected time for meetings and observations ,0,0,,,0,0,0,0,0,0,1,0,0,0,1,0,1,0,0,0,0,0,0,0,0,0,0,0,0,0,0,0,0,0,0,0,0,0,0,0,0,0,0,0,0,0,0,0,0,0,0,0,0,0,0,0,0,0
e6070069565cdcfc0c58f543fc2a0242b1bb2485632e8a12b3ca62dfccc4eef7,Secondary,Middle Leader,Either extra timetabled time or a small payment in recognition would be nice!,0,0,,,0,0,0,0,0,1,0,0,1,0,0,0,0,0,0,0,0,0,0,0,0,1,0,0,0,0,0,0,0,0,0,0,0,0,0,0,0,0,0,0,0,0,0,0,0,0,0,0,0,0,0,0,0,0
787e670d0dc1bd3d380e711860440aff8ab094b96659dedeb63a52c148b08168,Secondary,Middle Leader,An extra free on top of the mentoring slot where we meet with trainees. Appreciation of the extra role we take on.,0,0,,,0,0,0,0,0,1,0,0,1,0,1,0,0,0,0,0,0,0,0,0,0,0,0,0,1,0,0,0,0,0,0,0,0,0,0,0,0,0,0,0,0,0,0,0,0,0,0,0,0,0,0,0,0,0
11b8179ec3a3a213c5296f9176ac6f71d4afe8566f01f1597cf8b6a5fe5d7677,Secondary,Middle Leader,Some actual time to do it would be nice!,0,0,,,0,0,0,0,1,0,0,0,0,0,0,0,0,0,0,0,0,0,0,0,0,0,0,0,0,0,0,0,0,0,0,0,0,0,0,0,0,0,0,0,0,0,0,0,0,0,0,0,0,1,0,0,0,0
0d15895522fd7bfa2a2ce7756079af74e1f05ba669dd2a9fbf1e85f642d26558,Secondary,Classroom Teacher,More time!,0,0,,,0,0,0,0,0,1,0,0,0,0,0,0,0,0,0,0,0,0,0,0,0,0,0,0,0,0,0,0,0,0,0,0,0,0,0,0,0,0,0,0,0,0,0,0,0,0,0,0,0,0,0,0,0,0
b78a578bc955963a38eb46e2ad4e2a11d26d479a6e2ff88d3982364227b21e2f,Secondary,Middle Leader,Time and or money for recognition of the extra workload. Praise and recognition- it is a lot of work and hugely rewarding  but can be thankless at a whole school level (trainees and providers are good at recognising and thanking) training- often this is outside the school day (cover!) so if this could be incentivised somehow (money for the role could cover this or time off in lieu possibly?),0,0,,,0,0,1,1,1,0,0,0,0,0,0,0,0,0,0,0,1,0,0,0,0,1,0,0,1,0,0,0,0,0,0,0,0,0,0,0,1,0,0,0,0,0,0,0,0,0,0,0,0,0,0,0,0,0
93c4225561def056a9f19c5d2a62227c697190ea420edd2d7cb0fbc1b4a645aa,Secondary,Middle Leader,"Protected time in timetables for meetings, observations and potential training. Particularly so for super numerary trainees such as teach first where mentors are not always with them. Mentors to be informed/part of the ITT training. I.e. weekly targets to be coordinated with the other input they are getting. ",1,0,1,,0,0,0,0,0,0,1,0,0,0,1,0,1,0,0,0,1,0,0,0,0,0,0,0,0,0,0,0,0,0,0,0,0,0,0,0,0,0,0,0,0,0,0,0,0,1,0,0,0,0,0,0,0,0
11de2c6741179887b6db3cc95e66667aeb20f49246edc90dd873cceab347f6ca,Secondary,Middle Leader,"Protected mentor meeting time as well as protected time to complete the necessary reading. Also opportunities to network within your school (or cluster of schools) with other mentors or mentor trainers more regularly.  If also like to go back to face to face training.  Delivering it online missed so many opportunities, plus people don't value it as they can just watch the video later.  ",0,0,,,0,0,0,0,0,0,1,0,0,0,1,0,0,0,0,0,1,0,0,0,0,0,0,0,0,0,0,0,0,0,0,1,0,1,1,1,0,0,0,0,0,0,0,0,0,0,0,0,0,0,0,0,0,0
4b5bacc50ffc02b7ea6672b70dd93f257019329d966f5ef80523228fb9c0be07,Secondary,Classroom Teacher,I just need to be given time to do it. Which currently I am not,0,0,,,0,0,0,0,1,0,0,0,0,0,0,0,0,0,0,0,0,0,0,0,0,0,0,0,0,0,0,0,0,0,0,0,0,0,0,0,0,0,0,0,0,0,0,0,0,0,0,0,0,1,0,0,0,0
67b3402a9dfebce47b6d7edbb985678a94f94d1ebba13d686b4710121bcd47f5,Secondary,Middle Leader,Cutting the admin! ,0,0,,,0,0,0,0,0,0,0,0,0,0,0,0,0,0,0,0,0,0,0,0,0,0,0,0,0,0,0,0,0,0,0,0,0,0,0,0,0,0,0,0,0,0,0,0,0,0,0,1,0,0,0,0,0,0
af66e97c8f757ddf7d13b7a3593724f6a16b2b5b9aeb68dbb15d3d2dc5261746,Secondary,Classroom Teacher,What you've mentioned there but it doesn't happen,0,0,,,0,0,0,0,0,0,0,0,0,0,0,0,0,0,0,0,0,0,0,0,0,0,0,0,0,0,0,0,0,0,0,0,0,0,0,0,0,0,0,0,0,0,0,0,0,0,0,0,0,0,1,0,0,0
083297e65f8fc40e85923e4bef8d0632242e08d785b67afabdca4df998c446fd,Secondary,Middle Leader,"They should have bi-weekly training to keep them up to date with the current training for ITEs so their mentoring is focused. 
They should have regular - over- communication on the current foci for lessons and development. 
Should have mandated training every half term with the provider so they are delivering what is needed.
",0,0,1,,0,1,0,0,0,0,0,0,0,0,0,0,0,0,0,0,0,0,0,0,0,0,0,0,0,0,0,0,0,0,0,0,0,0,0,1,0,0,0,0,0,0,0,0,0,1,0,0,0,0,0,0,0,0
c4c7ad76d49457c720d951572006d086dcc58bb4dce872527664add00362aac2,Secondary,Middle Leader,Additional free time to do the role or paid for the role,0,0,,,0,0,0,0,0,1,0,0,1,0,0,0,0,0,0,0,0,0,0,0,0,1,0,0,0,0,0,0,0,0,0,0,0,0,0,0,0,0,0,0,0,0,0,0,0,0,0,0,0,0,0,0,0,0
2cbc6e504174eb76f9006fc5d2e005cf2dfc88cd4886ed0e0b8219e5e6ee5df8,Secondary,Classroom Teacher,Public recognition.,0,0,,,0,0,0,0,0,0,0,0,0,0,0,0,0,0,0,0,0,0,0,0,0,0,0,0,0,0,1,0,0,0,0,0,0,0,0,0,0,0,0,0,0,0,0,0,0,0,0,0,0,0,0,0,0,0
8007f1a8c94f8774d773375048dc1a91a6f9638d07e1326991173a60fc092f9c,Secondary,Classroom Teacher,Time! It’s a time consuming job that we are expected to find time for in addition to other duties ,0,0,,,0,0,0,0,1,0,0,0,0,0,0,0,0,0,0,0,0,0,0,0,0,0,0,0,0,0,0,0,0,0,0,0,0,0,0,0,0,0,0,0,0,0,0,0,0,0,0,0,0,0,0,0,0,0
fe6af5a5a711a2361cfef50143e0ca40dd1801b6dc33aa8671657e51ac5c4271,Secondary,Middle Leader,"Additional time to complete the time consuming, laborious training. Shared time for mentors to get together. 

",0,0,,,0,0,0,0,0,1,0,0,0,0,0,0,0,0,1,0,1,0,0,0,0,0,0,0,0,0,0,0,0,0,0,0,0,0,0,0,0,0,0,0,0,0,0,0,0,0,0,0,0,0,0,0,0,0
ae5139e65e45010e24d1a544277c394141fbcc599b761169b7aaecc0c657ce85,Secondary,Middle Leader,Extra pay ,0,0,,,0,0,0,0,0,0,0,0,0,0,0,0,0,0,0,0,0,0,0,0,0,1,0,0,0,0,0,0,0,0,0,0,0,0,0,0,0,0,0,0,0,0,0,0,0,0,0,0,0,0,0,0,0,0
fb008db5032104d1385135807fa51cfdf7281c68a9743608391a89c463cf8cdb,Secondary,Classroom Teacher,More time ,0,0,,,0,0,0,0,0,1,0,0,0,0,0,0,0,0,0,0,0,0,0,0,0,0,0,0,0,0,0,0,0,0,0,0,0,0,0,0,0,0,0,0,0,0,0,0,0,0,0,0,0,0,0,0,0,0
6e4d2533ab868c7835e2e2e35aecc7e83be0e99a3dd00d25da6661d8e63af908,Secondary,Middle Leader,"Additional time on timetable, coaching from experienced mentors, support for time out of class/school for training/networking with other mentors, and for undertaking qualifications whether national or local. ",0,0,,,0,0,0,0,0,1,1,0,0,0,0,0,0,0,1,0,1,0,0,0,0,0,0,0,0,0,0,0,0,0,0,0,0,0,0,0,0,1,0,0,0,0,0,0,1,0,0,0,0,0,0,0,0,0
240f6f93a3cfb0a8db9359af3aa6588c3271f349496fa31e806310aba25b658d,Secondary,Middle Leader,Scrap the entire ECF!!,0,0,,,0,0,0,0,0,0,0,0,0,0,0,0,0,0,0,0,0,0,0,0,0,0,0,0,0,0,0,0,0,0,0,0,0,0,0,0,0,0,0,0,0,0,0,0,0,0,0,0,0,1,1,0,0,0
ba4b881c11bb93ce5781dd12da3a74d1d49aaf7e6da6014adcbff043fb7c83cc,Secondary,Middle Leader,Mentor meeting and observation time included in the allocation ,0,0,,,0,0,0,0,0,0,1,0,0,0,1,0,1,0,0,0,0,0,0,0,0,0,0,0,0,0,0,0,0,0,0,0,0,0,0,0,0,0,0,0,0,0,0,0,0,0,0,0,0,0,0,0,0,0
23a680c89773249c162e11953b3a672a021b305bf5fd5b9065e35f0bf2e27c4f,Secondary,Middle Leader,"2 hours per week
Small paid allowance 
Opportunities to visit other teachers etc.  sit with ETC to learn",0,0,,,0,0,0,0,0,0,1,0,0,0,0,0,0,0,0,0,0,0,0,0,0,1,0,0,0,0,0,0,0,0,0,0,0,1,0,0,0,0,0,0,0,0,0,0,0,0,0,0,0,0,0,0,0,0
4df11c8f55b9a2ee2c26c65cae3d1e087e462a967bd0442cdc95b2aa035b07ab,Secondary,Middle Leader,"For it to be treated the same as other TLR responsibilities, at least with the PPA time allocated to actually support the mentee (more than just the 1 period per fortnight I currently get with my ECT2 mentee and for this to be acknowledged regarding workload/cover etc. ",0,0,,,0,0,1,0,0,0,1,1,0,0,0,0,0,0,0,0,0,0,0,0,0,0,1,0,1,0,0,0,0,0,0,0,0,0,0,0,0,0,0,0,0,0,0,0,0,0,0,0,0,0,0,0,0,0
5800ca8e1535e7f29361e12a001d5bcea9c1c27b96dec49dcbee2263ca981c73,Secondary,Middle Leader,"Being allocated meeting time each to mentor trainees would be a start. 
Being given time to observe outside of your own classes. 
",0,0,,,0,0,0,0,0,0,1,0,0,0,1,0,1,0,0,0,0,0,0,0,0,0,0,0,0,0,0,0,0,0,0,0,0,0,0,0,0,0,0,0,0,0,0,0,0,0,0,0,0,0,0,0,0,0
65339db8933cf1392c9aa7f0af55f6c7f28e98e120f68886bc7c4ee9c2003d15,Secondary,Classroom Teacher,A better curriculum for those mentored,0,0,,,0,0,0,0,0,0,0,0,0,0,0,0,0,0,0,0,0,0,0,0,0,0,0,0,0,0,0,0,0,0,0,0,0,0,0,0,0,0,0,0,0,0,0,0,0,0,0,0,0,0,0,0,0,1
e7fb66619d4c826dacef7bb170e2ce2c7ccf8eb1ab42d82ffd92850f37fe0844,Secondary,Classroom Teacher,Protected time. Proper training specific to the key stage (not just one size fits all stuff as provided by places like step lab),0,0,,,0,0,0,0,0,0,1,0,0,0,0,0,0,0,0,0,0,0,0,0,0,0,0,0,0,0,0,0,0,0,0,0,0,0,0,0,0,0,0,0,0,0,0,1,0,0,0,0,0,0,0,0,0,0
033feccabfa1612097328eb0f7304961784bc5c33e7870e8996b26f46807defe,Secondary,Classroom Teacher,"Additional pay and additional
Time ",0,0,,,0,0,0,0,0,1,0,0,0,0,0,0,0,0,0,0,0,0,0,0,0,1,0,0,0,0,0,0,0,0,0,0,0,0,0,0,0,0,0,0,0,0,0,0,0,0,0,0,0,0,0,0,0,0
4716b85af42ba5c9b840bc9a0b663050eaabdd7e358e2982d3891a9bcc143014,Secondary,Classroom Teacher,Payment or additional time off timetable ,0,0,,,0,0,0,0,0,1,0,0,0,0,0,0,0,0,0,0,0,0,0,0,0,1,0,0,0,0,0,0,0,0,0,0,0,0,0,0,0,0,0,0,0,0,0,0,0,0,0,0,0,0,0,0,0,0
38a2fa3dddc55d8a411ae37177569a3f3e1e5a79ac65b0ef56449d83cc3a81a4,Secondary,Middle Leader,"Time allocation with ability to take part in external training, collaboration with other mentors - network of mentors.",0,0,,,0,0,0,0,0,0,1,0,0,0,0,0,0,0,0,0,1,0,0,0,0,0,0,0,0,0,0,0,1,0,0,0,0,0,0,0,0,0,0,0,0,1,0,0,0,0,0,0,0,0,0,0,0,0
3475cd40c15b4ba81f832cf00c382d039a027d9d1b63b5fa0e7883d8ea176133,Secondary,Middle Leader,Time to do the job.,0,0,,,0,0,0,0,1,0,0,0,0,0,0,0,0,0,0,0,0,0,0,0,0,0,0,0,0,0,0,0,0,0,0,0,0,0,0,0,0,0,0,0,0,0,0,0,0,0,0,0,0,0,0,0,0,0
613c119646f13bd03ebe874fa4355febc883a6275dd9c2bb96b4362372fb8f11,Secondary,Middle Leader,More time. More recognition. More encouragement and celebration of the role.,0,0,,,0,0,0,0,0,1,0,0,0,0,0,0,0,0,0,0,0,0,0,0,0,0,0,0,1,0,0,1,0,0,0,0,0,0,0,0,0,0,0,0,0,0,0,0,0,0,0,0,0,0,0,0,0,0
af8e4b996918dc28287698647a195fb95db237425ba732b045ddc926ef691201,Secondary,Middle Leader,"At least one extra hour a week to prepare for mentor meetings, training, observations etc. ",0,0,,,0,0,0,0,0,1,0,0,0,0,1,0,1,0,0,0,1,0,0,0,0,0,0,0,0,0,0,0,0,0,0,0,0,0,0,0,0,0,0,0,0,0,0,0,0,0,0,0,0,0,0,0,0,0
d44940fa38b39f9af65dcb5dd6b2862970bb18cf9bae687d2bddd936fe20232b,Secondary,Classroom Teacher,Time to undertake meetings (not non-contact time/PPE time) training/coaching with other ITE mentors.,0,0,,,0,0,0,0,0,0,0,0,0,0,1,0,0,0,0,0,0,0,0,0,0,0,0,0,0,0,0,0,1,0,0,0,0,0,0,1,0,0,0,0,0,0,0,0,0,0,0,0,0,0,0,0,0,0
d2ef25a08969e52ba1c5c5c527b7ee3beb07823dd529df312a3641cf9c97a48e,Secondary,Classroom Teacher,Additional hours to undertake the role and meetings to discuss where we’re at and to gage if support is needed!,0,0,,1,0,0,0,0,0,1,0,0,0,0,1,0,0,0,0,0,0,0,0,0,0,0,0,1,0,0,0,0,0,0,0,0,0,0,0,0,0,0,0,0,0,0,0,0,0,0,0,0,0,0,0,0,0,0
45e401777738eb53be2c05686192d1375b3612eda8aae701e1ebd7dd21018244,Secondary,Classroom Teacher,Payment and time ,0,0,,,0,0,0,0,1,0,0,0,0,0,0,0,0,0,0,0,0,0,0,0,0,1,0,0,0,0,0,0,0,0,0,0,0,0,0,0,0,0,0,0,0,0,0,0,0,0,0,0,0,0,0,0,0,0
c8ced64afe47a6d3ce2c517e1b220fafdb0079386925e87fd7f849c60b3a6cc2,Secondary,Middle Leader,More time - doing the reading takes ages and having time to plan sessions as well would be very helpful. Especially as some mentees need more support than others ,0,0,,,0,0,0,0,0,1,0,0,0,0,0,0,0,0,0,0,0,1,0,0,0,0,0,0,0,0,0,0,0,0,0,0,0,0,0,0,0,0,0,0,0,0,0,0,0,0,0,0,0,0,0,0,0,0
c79f5925c259bca706175e88f1a15f73653c29120b52a822f46e19f535b20002,Secondary,Classroom Teacher,Additional training and pay,0,0,,,0,0,0,0,0,0,0,0,0,0,0,0,0,0,0,0,0,0,0,0,0,1,0,0,0,0,0,0,0,0,0,0,0,0,0,1,0,0,0,0,0,0,0,0,0,0,0,0,0,0,0,0,0,0
c383df95a43d25d660e1ce1b73f98db8ddd26267ff8a0dd9d65afbaf629de37e,Secondary,Middle Leader,Protected time on the timetable. ,0,0,,,0,0,0,0,0,0,1,0,0,0,0,0,0,0,0,0,0,0,0,0,0,0,0,0,0,0,0,0,0,0,0,0,0,0,0,0,0,0,0,0,0,0,0,0,0,0,0,0,0,0,0,0,0,0
a283d219c1e9ff45fcd8f0381f7919be82e4c0b72909186d5dd4b9a5a8378bf8,Secondary,Middle Leader,"Time on TT, internal training for new mentors ",0,0,,,0,0,0,0,0,0,1,0,0,0,0,0,0,0,0,0,0,0,0,0,0,0,0,0,0,0,0,0,0,0,0,0,0,0,0,0,0,0,0,0,1,0,0,1,0,0,0,0,0,0,0,0,0,0
da4da82864843449bfc8bb175f9e424eac18dfd38a86ae45926b51fcd8a4f898,Secondary,Middle Leader,Additional time and training provided.  A level of quality assurance to ensure consistent practice and to support development ,0,0,,,0,1,0,0,0,1,0,0,0,0,0,0,0,0,0,0,0,0,0,0,0,0,0,0,0,0,0,0,0,0,0,0,0,0,0,1,0,0,0,0,0,0,0,0,0,0,0,0,1,0,0,0,0,0
7d44eeb837db9aa281d9bf964c41f99261712f3b76ed2e82fe95dc1551b40695,Secondary,Middle Leader,Extra protected time and time to liaise with other mentors ,0,0,,,0,0,0,0,0,1,1,0,0,0,0,0,0,0,1,0,0,0,0,0,0,0,0,0,0,0,0,0,0,0,0,0,0,0,0,0,0,0,0,0,0,0,0,0,0,0,0,0,0,0,0,0,0,0
c41d4a4439df5061252601b9233cb3025a68d8d9ab7334e2e6f056cc1c2fd3bb,Secondary,Middle Leader,Time,0,0,,,0,0,0,0,1,0,0,0,0,0,0,0,0,0,0,0,0,0,0,0,0,0,0,0,0,0,0,0,0,0,0,0,0,0,0,0,0,0,0,0,0,0,0,0,0,0,0,0,0,0,0,0,0,0
bc33e3102acd1ffaa0ffefcece090f793011aba419e057b25054d2e31b7c55ec,Secondary,Classroom Teacher,We should have time off,0,0,,,0,0,1,1,0,0,0,0,0,0,0,0,0,0,0,0,0,0,0,0,0,0,0,0,0,0,0,0,0,0,0,0,0,0,0,0,0,0,0,0,0,0,0,0,0,0,0,0,0,0,0,0,0,0
05c3f99e7986df1d99cbc1d6706b307e12763b556ab6a4b76c78ff4964af1224,Secondary,Classroom Teacher,Give me the statutory time on my timetable ,0,0,,,0,0,0,0,0,0,1,0,0,0,0,0,0,0,0,0,0,0,0,0,0,0,0,0,0,0,0,0,0,0,0,0,0,0,0,0,0,0,0,0,0,0,0,0,0,0,0,0,0,0,1,0,0,0
96b18672a3c22942bb6905699319108d0a772b169b1527067bdafa46e1e5393d,Secondary,Middle Leader,Timetabled support and meeting time with coordinators and other mentors as well as external training for the awarding body to ensure standards and expectations are clear.,0,0,,,0,0,0,0,0,0,1,0,0,0,1,0,0,0,0,0,0,0,0,0,0,0,0,0,0,0,0,0,1,1,0,0,0,0,0,0,0,0,0,0,0,1,0,0,0,1,0,0,0,0,0,0,0,0
6105a36d11d44da0f3b2fddc6bb3b57604f83073fcce4a3a98cc732cb62e1297,Secondary,Middle Leader,Protected timetable time ,0,0,,,0,0,0,0,0,0,1,0,0,0,0,0,0,0,0,0,0,0,0,0,0,0,0,0,0,0,0,0,0,0,0,0,0,0,0,0,0,0,0,0,0,0,0,0,0,0,0,0,0,0,0,0,0,0
13a19884d1ca72ed712d7209049966fb7c7e893ba98e20fcd3bfd0d215910387,Secondary,Middle Leader,Protected time ,0,0,,,0,0,0,0,0,0,1,0,0,0,0,0,0,0,0,0,0,0,0,0,0,0,0,0,0,0,0,0,0,0,0,0,0,0,0,0,0,0,0,0,0,0,0,0,0,0,0,0,0,0,0,0,0,0
246c7dcaa546e11e6501f8bad19c78b76e5f51bf954ac14e5d45dd91fa1bd44a,Secondary,Classroom Teacher,Additional time covered to allow more observations.,0,0,,,0,0,0,0,0,1,0,0,0,0,0,0,1,0,0,0,0,0,0,0,0,0,0,0,0,0,0,0,0,0,0,0,0,0,0,0,0,0,0,0,0,0,0,0,0,0,0,0,0,0,0,0,0,0
bcb8d2d39d0e34aca9df3ef4a3467a3648e75f438f06b585d4749cfe5bfec550,Secondary,Middle Leader,"Dedicated time, salary contributions ",0,0,,,0,0,0,0,0,0,1,0,0,0,0,0,0,0,0,0,0,0,0,0,0,1,0,0,0,0,0,0,0,0,0,0,0,0,0,0,0,0,0,0,0,0,0,0,0,0,0,0,0,0,0,0,0,0
641e9f5fa5729781600383e3bfa77aa6170193b4a106b8383ff96aa0abe6399d,Secondary,Middle Leader,Additional PPA and protected time to hold meetings ,0,0,,,0,0,0,0,0,1,1,1,0,0,1,0,0,0,0,0,0,0,0,0,0,0,0,0,0,0,0,0,0,0,0,0,0,0,0,0,0,0,0,0,0,0,0,0,0,0,0,0,0,0,0,0,0,0
10f3a40c99c6bced708ec79f583b9edc35da299988f2f50cb323670c90a20027,Secondary,Classroom Teacher,More protected time to dedicate to the role ,0,0,,,0,0,0,0,0,1,1,0,0,0,0,0,0,0,0,0,0,0,0,0,0,0,0,0,0,0,0,0,0,0,0,0,0,0,0,0,0,0,0,0,0,0,0,0,0,0,0,0,0,0,0,0,0,0
25e4983582e48cdd9718673d7ce0665c79b7194fad5fff76ff289d80512eab90,Secondary,Middle Leader,Protected time and support with cover requests in order to observe ITE,0,0,,,0,0,0,0,0,0,1,0,0,0,0,0,1,0,0,0,0,0,0,0,0,0,0,0,0,1,0,0,0,0,0,0,0,0,0,0,0,0,0,0,0,0,0,0,0,0,0,0,0,0,0,0,0,0
3f55b5eb4c85525ffa7b90e08d7466366907987c0c757f867651c1560947882c,Secondary,Middle Leader,More time ,0,0,,,0,0,0,0,0,1,0,0,0,0,0,0,0,0,0,0,0,0,0,0,0,0,0,0,0,0,0,0,0,0,0,0,0,0,0,0,0,0,0,0,0,0,0,0,0,0,0,0,0,0,0,0,0,0
c93baf574afab17ba49b57e17f42f0bf5175122244979b522948f14e119df776,Secondary,Middle Leader,More time to be able to get into lessons and really support ITEs specifically,0,0,,,0,0,0,0,0,1,0,0,0,0,0,0,1,0,0,0,0,0,0,0,0,0,0,0,0,0,0,0,0,0,0,0,0,0,0,0,0,0,0,0,0,0,0,0,0,0,0,0,0,0,0,0,0,0
efc7b111a54b72ec392add8076a0ecdfe1065b08cd46f04812e27bd5cc1b59d8,Secondary,Middle Leader,"Time and collaboration.
It would be great to have more time to meet with a trainee. This would enable better planning with the trainee and more opportunities for coaching.
It would also be helpful to have more collaboration with other mentors in the school but also within provider to speak about best practice or who to recommend trainees observe to see best practice.",0,0,,,0,0,0,0,0,1,0,0,0,0,1,0,0,0,1,0,0,0,0,0,0,0,0,0,0,0,0,0,1,0,0,0,0,0,1,0,0,0,0,0,0,0,0,0,0,0,0,0,0,0,0,0,0,0
4a29c2709545a2c08bb0c9819eaf44102a1b7af7c3ae3ebf2fa3505190204439,Secondary,Middle Leader,Time. ,0,0,,,0,0,0,0,1,0,0,0,0,0,0,0,0,0,0,0,0,0,0,0,0,0,0,0,0,0,0,0,0,0,0,0,0,0,0,0,0,0,0,0,0,0,0,0,0,0,0,0,0,0,0,0,0,0
0e9b664c515837c8680480418f028717092995e9bc160b5ff024e1b45fb78bfd,Secondary,Classroom Teacher,Additional pay. Additional time for weekly observations/admin as one hour given is used for mentor meeting. Recognition. ,0,0,,,0,0,0,0,0,1,0,0,0,0,0,0,1,0,0,1,0,0,0,0,0,1,0,0,1,0,0,0,0,0,0,0,0,0,0,0,0,0,0,0,0,0,0,0,0,0,0,0,0,0,0,0,0,0
568e72872e707fad6f25f398ccc637e7310200a87cd86f57a9153b51371ae23c,Secondary,Middle Leader,Protected time and additional pay. ,0,0,,,0,0,0,0,0,0,1,0,0,0,0,0,0,0,0,0,0,0,0,0,0,1,0,0,0,0,0,0,0,0,0,0,0,0,0,0,0,0,0,0,0,0,0,0,0,0,0,0,0,0,0,0,0,0
3269f39c6d5d3bcca3948706a71306e88fed65158d2c154d213ac498f4844865,Secondary,Middle Leader,"More time, or timetable planned to facilitate working with the trainee.",0,0,,,0,0,0,0,0,1,1,0,0,0,0,0,0,0,1,0,0,0,0,0,0,0,0,0,0,0,0,0,0,0,0,0,0,0,0,0,0,0,0,0,0,0,0,0,0,0,0,0,0,0,0,0,0,0